[
  {
    "id": 39,
    "title": "Talk",
    "short_name": "talk"
  },
  {
    "id": 43,
    "title": "Music",
    "short_name": "music"
  },
  {
    "id": 51,
    "title": "Music",
    "short_name": "music"
  },
  {
    "id": 53,
    "title": "Fundraisers",
    "short_name": "fundraisers"
  },
  {
    "id": 54,
    "title": "Classes",
    "short_name": "classes"
  },
  {
    "id": 55,
    "title": "Speakers",
    "short_name": "speakers"
  },
  {
    "id": 57,
    "title": "Rock",
    "short_name": "rock"
  },
  {
    "id": 59,
    "title": "Electronic",
    "short_name": "electronic"
  },
  {
    "id": 81,
    "title": "Health",
    "short_name": "health"
  },
  {
    "id": 124,
    "title": "Local",
    "short_name": "local"
  },
  {
    "id": 125,
    "title": "Musician",
    "short_name": "musician"
  },
  {
    "id": 126,
    "title": "Music Venue",
    "short_name": "music-venue"
  },
  {
    "id": 135,
    "title": "Underground",
    "short_name": "underground"
  },
  {
    "id": 136,
    "title": "Punk",
    "short_name": "punk"
  },
  {
    "id": 137,
    "title": "indie",
    "short_name": "indie"
  },
  {
    "id": 138,
    "title": "indie rock",
    "short_name": "indie-rock"
  },
  {
    "id": 139,
    "title": "power pop",
    "short_name": "power-pop"
  },
  {
    "id": 140,
    "title": "pop",
    "short_name": "pop"
  },
  {
    "id": 141,
    "title": "tweepop",
    "short_name": "tweepop"
  },
  {
    "id": 142,
    "title": "indiepop",
    "short_name": "indiepop"
  },
  {
    "id": 143,
    "title": "pop-punk",
    "short_name": "pop-punk"
  },
  {
    "id": 144,
    "title": "postcore",
    "short_name": "postcore"
  },
  {
    "id": 145,
    "title": "crunk",
    "short_name": "crunk"
  },
  {
    "id": 146,
    "title": "grime",
    "short_name": "grime"
  },
  {
    "id": 147,
    "title": "postpunk",
    "short_name": "postpunk"
  },
  {
    "id": 148,
    "title": "pop-pop",
    "short_name": "pop-pop"
  },
  {
    "id": 149,
    "title": "lolipop",
    "short_name": "lolipop"
  },
  {
    "id": 150,
    "title": "ambient",
    "short_name": "ambient"
  },
  {
    "id": 151,
    "title": "noise",
    "short_name": "noise"
  },
  {
    "id": 152,
    "title": "hip hop",
    "short_name": "hip-hop"
  },
  {
    "id": 153,
    "title": "chiptune",
    "short_name": "chiptune"
  },
  {
    "id": 154,
    "title": "nerdcore",
    "short_name": "nerdcore"
  },
  {
    "id": 155,
    "title": "novelty",
    "short_name": "novelty"
  },
  {
    "id": 156,
    "title": "garage rock",
    "short_name": "garage-rock"
  },
  {
    "id": 157,
    "title": "psych rock",
    "short_name": "psych-rock"
  },
  {
    "id": 158,
    "title": "New underground",
    "short_name": "new-underground"
  },
  {
    "id": 164,
    "title": "Hip-hop",
    "short_name": "hiphop"
  },
  {
    "id": 165,
    "title": "R&B / Soul",
    "short_name": "soul"
  },
  {
    "id": 166,
    "title": "Pop",
    "short_name": "pop"
  },
  {
    "id": 167,
    "title": "Experimental",
    "short_name": "experimental"
  },
  {
    "id": 173,
    "title": "Psychedelic",
    "short_name": "psych"
  },
  {
    "id": 174,
    "title": "Garage",
    "short_name": "garage"
  },
  {
    "id": 186,
    "title": "Italo Disco",
    "short_name": "italo-disco"
  },
  {
    "id": 187,
    "title": "Icelandic",
    "short_name": "icelandic"
  },
  {
    "id": 188,
    "title": "Local Music",
    "short_name": "local-music"
  },
  {
    "id": 189,
    "title": "Jazz",
    "short_name": "jazz"
  },
  {
    "id": 190,
    "title": "Soul",
    "short_name": "soul"
  },
  {
    "id": 191,
    "title": "Disco",
    "short_name": "disco"
  },
  {
    "id": 192,
    "title": "House",
    "short_name": "house"
  },
  {
    "id": 193,
    "title": "Trance",
    "short_name": "trance"
  },
  {
    "id": 194,
    "title": "UK Garage",
    "short_name": "uk-garage"
  },
  {
    "id": 195,
    "title": "Witch House",
    "short_name": "witch-house"
  },
  {
    "id": 196,
    "title": "Waxing Satellite .❍.",
    "short_name": "waxing-satellite"
  },
  {
    "id": 197,
    "title": "Black Metal",
    "short_name": "black-metal"
  },
  {
    "id": 198,
    "title": "Death Metal",
    "short_name": "death-metal"
  },
  {
    "id": 199,
    "title": "Doom Metal",
    "short_name": "doom-metal"
  },
  {
    "id": 200,
    "title": "Thrash Metal",
    "short_name": "thrash-metal"
  },
  {
    "id": 201,
    "title": "NWOBHM",
    "short_name": "nwobhm"
  },
  {
    "id": 202,
    "title": "Hardcore Punk",
    "short_name": "hardcore-punk"
  },
  {
    "id": 203,
    "title": "D-Beat",
    "short_name": "d-beat"
  },
  {
    "id": 204,
    "title": "Proto-Metal",
    "short_name": "proto-metal"
  },
  {
    "id": 205,
    "title": "Hard Rock",
    "short_name": "hard-rock"
  },
  {
    "id": 206,
    "title": "Blues Rock",
    "short_name": "blues-rock"
  },
  {
    "id": 207,
    "title": "Art Space",
    "short_name": "art-space"
  },
  {
    "id": 208,
    "title": "Oldies",
    "short_name": "oldies"
  },
  {
    "id": 209,
    "title": "Drone",
    "short_name": "drone"
  },
  {
    "id": 210,
    "title": "Minimalist",
    "short_name": "minimalist"
  },
  {
    "id": 212,
    "title": "EBM",
    "short_name": "ebm"
  },
  {
    "id": 213,
    "title": "Industrial",
    "short_name": "industrial"
  },
  {
    "id": 214,
    "title": "Goth-Rap",
    "short_name": "goth-rap"
  },
  {
    "id": 215,
    "title": "Dysto-house",
    "short_name": "dysto-house"
  },
  {
    "id": 216,
    "title": "Media",
    "short_name": "media"
  },
  {
    "id": 217,
    "title": "Gifts",
    "short_name": "gifts"
  },
  {
    "id": 218,
    "title": "Lifestyle",
    "short_name": "lifestyle"
  },
  {
    "id": 219,
    "title": "Lo fi",
    "short_name": "lo-fi"
  },
  {
    "id": 220,
    "title": "Press",
    "short_name": "press"
  },
  {
    "id": 221,
    "title": "New Wave",
    "short_name": "new-wave"
  },
  {
    "id": 222,
    "title": "Giveaways",
    "short_name": "giveaways"
  },
  {
    "id": 223,
    "title": "Record Label",
    "short_name": "record-label"
  },
  {
    "id": 224,
    "title": "Post-Punk",
    "short_name": "post-punk"
  },
  {
    "id": 225,
    "title": "Minimal Synth",
    "short_name": "minimal-synth"
  },
  {
    "id": 226,
    "title": "BFF.fm DJs Out on the Town",
    "short_name": "bff-fm-djs-out-on-the-town"
  },
  {
    "id": 227,
    "title": "TV",
    "short_name": "tv"
  },
  {
    "id": 228,
    "title": "BFF.fm DJ Nights",
    "short_name": "bff-fm-events"
  },
  {
    "id": 229,
    "title": "Vinyl",
    "short_name": "vinyl"
  },
  {
    "id": 230,
    "title": "Listener",
    "short_name": "listener"
  },
  {
    "id": 232,
    "title": "fuckyeah",
    "short_name": "fuckyeah"
  },
  {
    "id": 233,
    "title": "Canadian",
    "short_name": "canadian"
  },
  {
    "id": 234,
    "title": "Science",
    "short_name": "science"
  },
  {
    "id": 235,
    "title": "history",
    "short_name": "history"
  },
  {
    "id": 236,
    "title": "Tech",
    "short_name": "tech"
  },
  {
    "id": 237,
    "title": "Math-Rock",
    "short_name": "math-rock"
  },
  {
    "id": 239,
    "title": "people",
    "short_name": "people"
  },
  {
    "id": 240,
    "title": "Guests",
    "short_name": "guests"
  },
  {
    "id": 241,
    "title": "Jangle Pop",
    "short_name": "jangle-pop"
  },
  {
    "id": 242,
    "title": "Special",
    "short_name": "special"
  },
  {
    "id": 243,
    "title": "Goth",
    "short_name": "goth"
  },
  {
    "id": 244,
    "title": "techno",
    "short_name": "techno"
  },
  {
    "id": 245,
    "title": "awesome",
    "short_name": "awesome"
  },
  {
    "id": 246,
    "title": "Dunedin Sound",
    "short_name": "dunedin-sound"
  },
  {
    "id": 247,
    "title": "2014 Top 5",
    "short_name": "top-5"
  },
  {
    "id": 249,
    "title": "Specials",
    "short_name": "specials"
  },
  {
    "id": 250,
    "title": "International",
    "short_name": "international"
  },
  {
    "id": 251,
    "title": "Witchouse",
    "short_name": "witchouse"
  },
  {
    "id": 252,
    "title": "BFF.fm Presents",
    "short_name": "bff-fm-presents"
  },
  {
    "id": 253,
    "title": "multi-genre",
    "short_name": "multi-genre"
  },
  {
    "id": 254,
    "title": "Deep House",
    "short_name": "deep-house"
  },
  {
    "id": 255,
    "title": "Banner",
    "short_name": "banner"
  },
  {
    "id": 257,
    "title": "Acoustic",
    "short_name": "acoustic"
  },
  {
    "id": 258,
    "title": "twee-punk",
    "short_name": "twee-punk"
  },
  {
    "id": 260,
    "title": "Emotional Dance Music",
    "short_name": "emotional-dance-music"
  },
  {
    "id": 261,
    "title": "Chillwave",
    "short_name": "chillwave"
  },
  {
    "id": 262,
    "title": "Electro",
    "short_name": "electro"
  },
  {
    "id": 263,
    "title": "French",
    "short_name": "french"
  },
  {
    "id": 264,
    "title": "Nu Disco",
    "short_name": "nu-disco"
  },
  {
    "id": 265,
    "title": "Video Games",
    "short_name": "video-games"
  },
  {
    "id": 266,
    "title": "Lowrider Jams",
    "short_name": "lowrider-jams"
  },
  {
    "id": 268,
    "title": "2015 Top 5",
    "short_name": "2015top5"
  },
  {
    "id": 269,
    "title": "Snackoscopes",
    "short_name": "snackoscopes"
  },
  {
    "id": 270,
    "title": "World",
    "short_name": "world"
  },
  {
    "id": 271,
    "title": "Hats",
    "short_name": "hats"
  },
  {
    "id": 272,
    "title": "global",
    "short_name": "global"
  },
  {
    "id": 273,
    "title": "Dance",
    "short_name": "dance"
  },
  {
    "id": 274,
    "title": "Dance Punk",
    "short_name": "dance-punk"
  },
  {
    "id": 275,
    "title": "Freak Folk",
    "short_name": "freak-folk"
  },
  {
    "id": 276,
    "title": "Nu Rave",
    "short_name": "nu-rave"
  },
  {
    "id": 277,
    "title": "Electoclash",
    "short_name": "electoclash"
  },
  {
    "id": 278,
    "title": "Electroclash",
    "short_name": "electroclash"
  },
  {
    "id": 279,
    "title": "Futurebeats",
    "short_name": "futurebeats"
  },
  {
    "id": 280,
    "title": "Trip-Hop",
    "short_name": "trip-hop"
  },
  {
    "id": 281,
    "title": "Reggaeton",
    "short_name": "reggaeton"
  },
  {
    "id": 282,
    "title": "Cumbia",
    "short_name": "cumbia"
  },
  {
    "id": 283,
    "title": "Club",
    "short_name": "club"
  },
  {
    "id": 284,
    "title": "Top 40",
    "short_name": "top-40"
  },
  {
    "id": 285,
    "title": "Bottom 40",
    "short_name": "bottom-40"
  },
  {
    "id": 286,
    "title": "World's Music",
    "short_name": "world-s-music"
  },
  {
    "id": 287,
    "title": "Sex",
    "short_name": "sex"
  },
  {
    "id": 288,
    "title": "Dancehall",
    "short_name": "dancehall"
  },
  {
    "id": 289,
    "title": "Soca",
    "short_name": "soca"
  },
  {
    "id": 290,
    "title": "Local Artist & Musicians",
    "short_name": "local-artist-musicians"
  },
  {
    "id": 291,
    "title": "Love & Heartbreak Talk",
    "short_name": "love-heartbreak-talk"
  },
  {
    "id": 292,
    "title": "Vibe",
    "short_name": "vibe"
  },
  {
    "id": 293,
    "title": "Subtle",
    "short_name": "subtle"
  },
  {
    "id": 294,
    "title": "Soulful",
    "short_name": "soulful"
  },
  {
    "id": 295,
    "title": "Patience",
    "short_name": "patience"
  },
  {
    "id": 296,
    "title": "EVERYTHING",
    "short_name": "everything"
  },
  {
    "id": 297,
    "title": "Grunge",
    "short_name": "grunge"
  },
  {
    "id": 298,
    "title": "Bedroom Pop",
    "short_name": "bedroom-pop"
  },
  {
    "id": 299,
    "title": "Swing",
    "short_name": "swing"
  },
  {
    "id": 300,
    "title": "Hillbilly",
    "short_name": "hillbilly"
  },
  {
    "id": 302,
    "title": "BFF.fm Top 30",
    "short_name": "bff-fm-top-30"
  },
  {
    "id": 303,
    "title": "2016 Top 5",
    "short_name": "2016-top-5"
  },
  {
    "id": 307,
    "title": "Revolution",
    "short_name": "revolution"
  },
  {
    "id": 308,
    "title": "Classical",
    "short_name": "classical"
  },
  {
    "id": 310,
    "title": "Choogle",
    "short_name": "choogle"
  },
  {
    "id": 311,
    "title": "Local",
    "short_name": "local"
  },
  {
    "id": 312,
    "title": "Easy Listening",
    "short_name": "easy-listening"
  },
  {
    "id": 313,
    "title": "Freeform",
    "short_name": "freeform"
  },
  {
    "id": 314,
    "title": "World",
    "short_name": "world"
  },
  {
    "id": 315,
    "title": "Emo",
    "short_name": "emo"
  },
  {
    "id": 316,
    "title": "Post-Hardcore",
    "short_name": "post-hardcore"
  },
  {
    "id": 317,
    "title": "Trap",
    "short_name": "trap"
  },
  {
    "id": 318,
    "title": "Beats",
    "short_name": "beats"
  },
  {
    "id": 319,
    "title": "Instrumentals",
    "short_name": "instrumentals"
  },
  {
    "id": 320,
    "title": "Alternative",
    "short_name": "alternative"
  },
  {
    "id": 321,
    "title": "Emo Core",
    "short_name": "emo-core"
  },
  {
    "id": 322,
    "title": "Screamo",
    "short_name": "screamo"
  },
  {
    "id": 323,
    "title": "Skramz",
    "short_name": "skramz"
  },
  {
    "id": 324,
    "title": "All of the above",
    "short_name": "all-of-the-above"
  },
  {
    "id": 325,
    "title": "charts",
    "short_name": "charts"
  },
  {
    "id": 326,
    "title": "weirdo",
    "short_name": "weirdo"
  },
  {
    "id": 327,
    "title": "incense",
    "short_name": "incense"
  },
  {
    "id": 328,
    "title": "Ska",
    "short_name": "ska"
  },
  {
    "id": 329,
    "title": "2017 Top 5",
    "short_name": "2017-top-5"
  },
  {
    "id": 331,
    "title": "Eclectic / Novelty",
    "short_name": "eclectic-novelty"
  },
  {
    "id": 332,
    "title": "Lounge",
    "short_name": "lounge"
  },
  {
    "id": 333,
    "title": "Rap",
    "short_name": "rap"
  },
  {
    "id": 334,
    "title": "Dark Wave",
    "short_name": "dark-wave"
  },
  {
    "id": 335,
    "title": "feminism",
    "short_name": "feminism"
  },
  {
    "id": 336,
    "title": "DJ Profiles",
    "short_name": "dj-profiles"
  },
  {
    "id": 337,
    "title": "Sasha's overenthusiastic review",
    "short_name": "sasha-s-overenthusiastic-review"
  },
  {
    "id": 338,
    "title": "Shoegaze",
    "short_name": "shoegaze"
  },
  {
    "id": 339,
    "title": "Art Punk",
    "short_name": "art-punk"
  },
  {
    "id": 340,
    "title": "Dream Pop",
    "short_name": "dream-pop"
  },
  {
    "id": 341,
    "title": "Home News",
    "short_name": "home-news"
  },
  {
    "id": 342,
    "title": "UK",
    "short_name": "uk"
  },
  {
    "id": 343,
    "title": "label spotlight",
    "short_name": "label-spotlight"
  },
  {
    "id": 344,
    "title": "2018 Top 5",
    "short_name": "2018-top-5"
  },
  {
    "id": 345,
    "title": "eclectic",
    "short_name": "eclectic"
  },
  {
    "id": 346,
    "title": "Funk",
    "short_name": "funk"
  },
  {
    "id": 347,
    "title": "#jon-hopkins",
    "short_name": "jon-hopkins"
  },
  {
    "id": 348,
    "title": "#tune-yards",
    "short_name": "tune-yards"
  },
  {
    "id": 349,
    "title": "#teleman",
    "short_name": "teleman"
  },
  {
    "id": 350,
    "title": "#son-lux",
    "short_name": "son-lux"
  },
  {
    "id": 351,
    "title": "#algiers",
    "short_name": "algiers"
  },
  {
    "id": 352,
    "title": "#moses-sumney",
    "short_name": "moses-sumney"
  },
  {
    "id": 353,
    "title": "#low",
    "short_name": "low"
  },
  {
    "id": 354,
    "title": "Podcast: Talking to Goats",
    "short_name": "podcast-test"
  },
  {
    "id": 355,
    "title": "touch touch publishing",
    "short_name": "touch-touch-publishing"
  },
  {
    "id": 356,
    "title": "louise",
    "short_name": "louise"
  },
  {
    "id": 357,
    "title": "Noisepop",
    "short_name": "noisepop"
  },
  {
    "id": 358,
    "title": "Features Archive",
    "short_name": "features-archive"
  },
  {
    "id": 359,
    "title": "Show Reviews",
    "short_name": "show-reviews"
  },
  {
    "id": 360,
    "title": "Previews",
    "short_name": "previews"
  },
  {
    "id": 361,
    "title": "bass",
    "short_name": "bass"
  },
  {
    "id": 362,
    "title": "footwork",
    "short_name": "footwork"
  },
  {
    "id": 363,
    "title": "drum & bass",
    "short_name": "drum-bass"
  },
  {
    "id": 364,
    "title": "Heavy Mellow",
    "short_name": "heavy-mellow"
  },
  {
    "id": 365,
    "title": "Politics",
    "short_name": "politics"
  },
  {
    "id": 366,
    "title": "Diary",
    "short_name": "diary"
  },
  {
    "id": 367,
    "title": "San Francisco",
    "short_name": "san-francisco"
  }
]