id,title,short_name
39,Talk,talk
43,Music,music
51,Music,music
53,Fundraisers,fundraisers
54,Classes,classes
55,Speakers,speakers
57,Rock,rock
59,Electronic,electronic
81,Health,health
124,Local,local
125,Musician,musician
126,Music Venue,music-venue
135,Underground,underground
136,Punk,punk
137,indie,indie
138,indie rock,indie-rock
139,power pop,power-pop
140,pop,pop
141,tweepop,tweepop
142,indiepop,indiepop
143,pop-punk,pop-punk
144,postcore,postcore
145,crunk,crunk
146,grime,grime
147,postpunk,postpunk
148,pop-pop,pop-pop
149,lolipop,lolipop
150,ambient,ambient
151,noise,noise
152,hip hop,hip-hop
153,chiptune,chiptune
154,nerdcore,nerdcore
155,novelty,novelty
156,garage rock,garage-rock
157,psych rock,psych-rock
158,New underground,new-underground
164,Hip-hop,hiphop
165,R&B / Soul,soul
166,Pop,pop
167,Experimental,experimental
173,Psychedelic,psych
174,Garage,garage
186,Italo Disco,italo-disco
187,Icelandic,icelandic
188,Local Music,local-music
189,Jazz,jazz
190,Soul,soul
191,Disco,disco
192,House,house
193,Trance,trance
194,UK Garage,uk-garage
195,Witch House,witch-house
196,Waxing Satellite .❍.,waxing-satellite
197,Black Metal,black-metal
198,Death Metal,death-metal
199,Doom Metal,doom-metal
200,Thrash Metal,thrash-metal
201,NWOBHM,nwobhm
202,Hardcore Punk,hardcore-punk
203,D-Beat,d-beat
204,Proto-Metal,proto-metal
205,Hard Rock,hard-rock
206,Blues Rock,blues-rock
207,Art Space,art-space
208,Oldies,oldies
209,Drone,drone
210,Minimalist,minimalist
212,EBM,ebm
213,Industrial,industrial
214,Goth-Rap,goth-rap
215,Dysto-house,dysto-house
216,Media,media
217,Gifts,gifts
218,Lifestyle,lifestyle
219,Lo fi,lo-fi
220,Press,press
221,New Wave,new-wave
222,Giveaways,giveaways
223,Record Label,record-label
224,Post-Punk,post-punk
225,Minimal Synth,minimal-synth
226,BFF.fm DJs Out on the Town,bff-fm-djs-out-on-the-town
227,TV,tv
228,BFF.fm DJ Nights,bff-fm-events
229,Vinyl,vinyl
230,Listener,listener
232,fuckyeah,fuckyeah
233,Canadian,canadian
234,Science,science
235,history,history
236,Tech,tech
237,Math-Rock,math-rock
239,people,people
240,Guests,guests
241,Jangle Pop,jangle-pop
242,Special,special
243,Goth,goth
244,techno,techno
245,awesome,awesome
246,Dunedin Sound,dunedin-sound
247,2014 Top 5,top-5
249,Specials,specials
250,International,international
251,Witchouse,witchouse
252,BFF.fm Presents,bff-fm-presents
253,multi-genre,multi-genre
254,Deep House,deep-house
255,Banner,banner
257,Acoustic,acoustic
258,twee-punk,twee-punk
260,Emotional Dance Music,emotional-dance-music
261,Chillwave,chillwave
262,Electro,electro
263,French,french
264,Nu Disco,nu-disco
265,Video Games,video-games
266,Lowrider Jams,lowrider-jams
268,2015 Top 5,2015top5
269,Snackoscopes,snackoscopes
270,World,world
271,Hats,hats
272,global,global
273,Dance,dance
274,Dance Punk,dance-punk
275,Freak Folk,freak-folk
276,Nu Rave,nu-rave
277,Electoclash,electoclash
278,Electroclash,electroclash
279,Futurebeats,futurebeats
280,Trip-Hop,trip-hop
281,Reggaeton,reggaeton
282,Cumbia,cumbia
283,Club,club
284,Top 40,top-40
285,Bottom 40,bottom-40
286,World's Music,world-s-music
287,Sex,sex
288,Dancehall,dancehall
289,Soca,soca
290,Local Artist & Musicians,local-artist-musicians
291,Love & Heartbreak Talk,love-heartbreak-talk
292,Vibe,vibe
293,Subtle,subtle
294,Soulful,soulful
295,Patience,patience
296,EVERYTHING,everything
297,Grunge,grunge
298,Bedroom Pop,bedroom-pop
299,Swing,swing
300,Hillbilly,hillbilly
302,BFF.fm Top 30,bff-fm-top-30
303,2016 Top 5,2016-top-5
307,Revolution,revolution
308,Classical,classical
310,Choogle,choogle
311,Local,local
312,Easy Listening,easy-listening
313,Freeform,freeform
314,World,world
315,Emo,emo
316,Post-Hardcore,post-hardcore
317,Trap,trap
318,Beats,beats
319,Instrumentals,instrumentals
320,Alternative,alternative
321,Emo Core,emo-core
322,Screamo,screamo
323,Skramz,skramz
324,All of the above,all-of-the-above
325,charts,charts
326,weirdo,weirdo
327,incense,incense
328,Ska,ska
329,2017 Top 5,2017-top-5
331,Eclectic / Novelty,eclectic-novelty
332,Lounge,lounge
333,Rap,rap
334,Dark Wave,dark-wave
335,feminism,feminism
336,DJ Profiles,dj-profiles
337,Sasha's overenthusiastic review,sasha-s-overenthusiastic-review
338,Shoegaze,shoegaze
339,Art Punk,art-punk
340,Dream Pop,dream-pop
341,Home News,home-news
342,UK,uk
343,label spotlight,label-spotlight
344,2018 Top 5,2018-top-5
345,eclectic,eclectic
346,Funk,funk
347,#jon-hopkins,jon-hopkins
348,#tune-yards,tune-yards
349,#teleman,teleman
350,#son-lux,son-lux
351,#algiers,algiers
352,#moses-sumney,moses-sumney
353,#low,low
354,Podcast: Talking to Goats,podcast-test
355,touch touch publishing,touch-touch-publishing
356,louise,louise
357,Noisepop,noisepop
358,Features Archive,features-archive
359,Show Reviews,show-reviews
360,Previews,previews
361,bass,bass
362,footwork,footwork
363,drum & bass,drum-bass
364,Heavy Mellow,heavy-mellow
365,Politics,politics
366,Diary,diary
367,San Francisco,san-francisco