user_id,username,display_name,text,social_twitter,social_facebook,social_insta,social_soundcloud,social_mixcloud,social_spotify,social_lastfm,website
1,admin,BFF.fm,"I'm not only a DJ, I'm the founder of BFF.fm. I like pizza. And you.",,,,,,,,
4,cosmicamanda,Cosmic Amanda,"I'm the founder and station manager of BFF.fm- the best online community radio station around!   I've been involved in college and community radio since 1994, when I joined WMWM 91.7fm as a freshman at Salem State University. My experience there opened my mind to the vast universe of undiscovered music just begging to be heard.   I started BFF.fm in 2013 simply because I love indie music and community radio and wanted to create a place where a whole new generation of post-collegiate music nerds can unite and geek out over all the awesome new music that's out there.   After all these years and changes in how its delivered- from terrestrial broadcast to online streaming- I still believe in the power of community radio to play a positive role in our local music scene.   What else do you need to know about me? I like pizza. And you.  ",,,,,,,,
5,benrusso,Ben,"Cool Jerk, No Particular Slogan.  Twitter and Instagram: @bnrsso ",,,,,,,,
6,SteveFoxx,Steve Foxx,"A 90's rising entertainment personality, Steve Foxx was devoid of a moral compass, but had a strong sense of country. Volunteering for a N.A.S.A. deep space hibernation mission. Crashing after takeoff, Foxx's hyper V craft was thought lost, until now...",,foxxthatrocksyourbox,stevefoxxradio,,,,,
7,thorstensideb0ard,Thorsten Sideb0ard,Celebrity Prosolar Mechanic.,sideb0ard,,sideb0ard,b0ardside,sideb0ard,,sideb0ard,
8,burritojustice,Burrito Justice,,,,,,,,,
9,yoyogenius,Doctor Popular,,,,,,,,,
10,britt,britt,"this one has a penchant for solving mysteries. the sassy, reno-raised creep kicks high and confounds strangers with her natural wit. if she’s not analyzing podcasts or eating pizza, she’s probably aggressively petting her fat cat, sebastian.",,,,,,,,
11,brockwinstead,Brock Winstead,Freelance writer and researcher from Oakland who thought hosting a public affairs interview show would be fun. Twitter: http://twitter.com/brockwinstead,,,,,,,,
12,aartikelapure,Aarti,,,,,,,,,
13,elizabethcourtois,Lizzy,,,,,,,,,
14,justincssnow,Justin Snow,I have the friendliest little wooly Chihuahua named Winona. I like strange sounds. Sometimes I write about music on my site Anti-Gravity Bunny.,,,,,,,,
15,preshowjitters,Justin Navarro,,preshowjitters,,,,,,,
16,lesserlabyrinths,LOW/MAZE,ALL THE JAMS,,,,,,,,
17,garretvoorhees,The Traveler,@digthisradio,,,,,,,,
18,kvanschaardenburg,DJ Karina,,,,,,,,,
19,hairypaws,Harrison,"Chill dude, anxious vibes  pawcrisis.tumblr.com   ",,,,,,,,
20,sadrave,sadrave,goth delilah,,,,,,,,
21,mai,Mai,Once had a conversation with Bjork on the sidewalk after an Auður show.,mai,,fashionist,,,,,https://fashioni.st
22,simon,Simon Batistoni,"Just this British guy who's really into music, y'know?",,,,,,,,
23,neckcarpenter,DJ Nick,,,,,,,,,
24,FRCunliffeiv,DJ Benedict Arnold,"Send me requests! Facebook.com/BritishAreComing I'd update the page more often, but I set my Facebook account's language as Spanish and I don't know Spanish, making every day quite the lucha.",,,,,,,,
25,norakwalker,Nora,"By day, Nora works in Digital Marketing. She has written a music blog for the past 10+ years, IRockIRoll.com which was featured in New York Magazine and has produced showcases at CMJ and SXSW. She has also worked at Atlantic Records as an A&R, did PR for Carly Simon and Ben Taylor, and music supervision/talent for Oxygen (yes, the cable network that has brought you classic programming such as the Bad Girls Club and Janice Dickinson Modeling Agency).    Nora moved to San Francisco from Brooklyn four years ago and lives in the Haight with her crazy doggo Bowie. She's originally from Chicago, eats a lot of pizza, and is a Cubs fan.   She does not enjoy Pearl Jam, Zooey Deschanel, cankles, jam bands and how sad dogs look when they #2. ",irockiroll,irockirolldotcom,irockiroll,irockiroll,,irockiroll,noraonthepull,
26,talldave,Dave,,,,,,,,,
27,cremefilling,DJ Creme Filling,"I'm not only the BFF station engineer, but I'm also a DJ.",,,,,,,,
28,sequoia,Sequoia,,,,,,,,,
29,goreallison,DJ Pizza Party,,,,,,,,,
30,kevinmonty,KevMo,,,,,,,,,
31,shewolfe,Shewolfe,gold teeth and fangs,wolfchirp,,wolfchirp,,,,,http://shewolfe.co
32,juststella,Just Stella,,,,,,,,,
33,valjoux66,Peter Lorde,,,,,,,,,
34,menace,Dennis The Menace,,,,,,,,,
35,danbaber,Dan B,,,,,,,,,
36,waxingsatellite,Carl & Bridjge WS .❍.,"Beaming through goodness from the Southern Pacific, we are here to groove you.  waxingsatellite.net @waxingsatellite",,,,,,,,
37,erincwalter,DJ E ,,,,,,,,,
38,nnickibutler,Nicki Butler,,,,,,,,,
39,jaykumar,DJ Koomdogg,I like to rock and/or roll. I also host the podcast Completely Conspicuous (http://compconcast.blogspot.com/) and crack wise on the Twitterz (@koomdogg).,koomdogg,,koomdogg,,,,,
40,MakeItFunky,Make It Funky,"DJ collective, radio show, and rhythmic party inspired by funky, disco and house grooves",,,,,,,,
41,josh,Josh Yule,,,,,,,,,
42,nickdunn,DJ Teitan,"Obscure record hoarder, DJ, worshipper of the riff.  Listen to my cuts.",,,,,,,,
43,Sanspants,DJ Sanspants,"Oh, hey.",,,,,,,,
44,mcpheeian,Nic Noir,,,,,,,,,
45,Eric,Eric Pietras,"Scientist, synthesizer enthusiast, photographer and part-time insomniac  wrapped up in a Midwestern everyman exterior, Eric brings you his favorite ambient and experimental sounds every Tuesday night at midnight on Sounds In The Dark.   In addition to hosting 'Sounds, Eric has released solo and collaborative ambient and experimental music projects on labels such as Treetrunk, Aural Films, and Petroglyph. Eric has also played synthesizers with bands including Gosta Berling, Roa and Brother Sean.  Get in touch via Twitter at @BFFDarkSounds.  Find Eric's music at ericpietras.bandcamp.com       ",,,,,,,,
46,cdsimpson,Rhombomania,,,,,,,,,
47,cocostereo,Coco Stereo,,,,,,,,,
48,Gregory,Gregory,@ProFanGregory,,,,,,,,
49,alexlilienfeld,Alex,Soundtrack for the young + broke,,,,,,,,
50,nickmirov,Nick Mirov,"Former (and maybe future?) DJ, interim Music Director. I enjoy indie rock from the 90s and indie rock that sounds like indie rock from the 90s.",,,,,todaysactivelifestyles,,monosyllabic,
51,nvonjoo,Santa Clause,"The Midnight Holiday- A show curated by The Secret Alley's closest.  Varying between different formats being;   -Scenarios In Sound- We create a fictional radio station in a fictional dimension where anything is possible.  -Soundtrack Show- Curating soundtrack sounds by genre or topic  -Hanging with the band- We hang out with a band they do a stripped down set, and we chat about their lives.  ",,,,,,,,
52,serenadonovan,DJ DonDon,,,,,,,,,
53,schnorbus,schnorbus ,,,,,,,,,
54,travis,Travis Bernard,,,,,,,,,
55,bfftvontheradio,Jessica,"Leah & Jessica live in San Francisco and talk about their love of the CW a little too much. They also enjoy eating, drinking, and eating and drinking while watching CW shows. ",,,,,,,,
56,theocmd,@indierockgirl,,,,,,,,,
57,benward,Ben Ward,"<p>Ben presents <a href=\"/shows/nomagic\">No Magic</a> on Tuesday evenings, and has with BFF.fm since 2014.</p> <p>A ten-year transplant to San Francisco from his native UK, he grew up listening to BBC Radio legends like Steve Lamacq, Jo Wiley, Mark Radcliffe and Marc Riley, John Peel, and Dave Pearce. They gave him a sense of how to do radio with a certain style and class that he one day only hopes to achieve.</p> <p>Before <em>No Magic</em>, Ben co-hosted <a href=\"shows/eclectic-kettle\">Eclectic Kettle</a>, and he has appeared on <a href=\"/broadcasts/12555\">episodes</a> <a href=\"/broadcasts/9210\">of</a> 1.21 Gigawatts, <a href=\"/broadcasts/5177\">Hello Sunshine</a>, <a href=\"/broadcasts/13012\">The Long Lunchbreak</a> (<a href=\"/broadcasts/15546\">twice</a>), and Radical Advice.</p> <p>In addition to DJ'ing, Ben serves as <a href=\"https://board.bff.fm\">BFF.fm's Technical Director</a>.</p>",benward,bnwrd,benward,bnwrd,bnwrd,bnwrd,benward,https://benward.uk
58,marisa,Marisa,,,,,,,,,
59,cheetleamber,cheetle amber,"a curious cathy and secretly nosy neighbor. this blond witch from the midwest crushes the city streets on her favorite two wheels, 'the dove club'. hours are spent swimming upside down, cooking up veggie feasts, and writing stories.",hellocheetle,,,,,,,www.amberschadewald.com
60,piperpayne,Tangent Ranch,,,,,,,,,
62,nreadey,Stavros,,,,,,,,,
64,Stunk,Jess,,,,,,,,,
65,philthy, DJ Philthy,,,,,,,,,
66,drmoo,Dr. Moo,,,,,,,,,
67,soychitlins,Stanley,,,,,,,,,
68,lukespray,The Early Bird,"The Early Bird is community development consultant by day, an amateur bread baker by night, and an enthusiastic radio host by (Thursday) morning. He can often be found sitting with a book at George & Lennie, walking around San Francisco in search of blackberries, or riding a Jump Bike towards Horsies Saloon. He is a nine-year resident and continual lover of San Francisco.",lukespray,,,,,,,
69,KateandChris,,,,,,,,,,
70,smallcrimes,Small Crimes,,,,,,,,,
71,te45t,Hey Test,,,,,,,,,
72,test21,Tezt,,,,,,,,,
73,FTR,GG and Adam,,,,,,,,,
74,meltersmusic,DJ Lemmy Kravitz,,,,,,,,,
75,johan,Johan,An old man in a slightly younger man's body.,skr,bff121gigawatts,johanoskarsson,,,,skr,
76,melissagraeber,Beatrix Gravesguard,"Martha Stewart of the Underworld, Distinguished Scholar of Ancient Curses",,,,,,,,
77,atwong,Adrian,,,,,,,,,
78,katie,Katie,,,,,,,,,
79,DanPollart,the GeeZ'R,"Sounds and Songs from the Pre-digital Era.  Playing all Your Favorite Hits on Vinyl, Wax and Shellac.",,,,,,,,
80,Liliseif1313,,,,,,,,,,
81,raguilera,Ray,CultHero.net,CultHeroSF,CultHeroSF,CultHeroSF,,,,,http://CultHero.net
82,kate,KateandChris,,,,,,,,,
83,missionlocal,Mission Local Staff,,,,,,,,,
84,bondcharelli,,,,,,,,,,
85,davidrentibbs,Owen Owington Owensford,"If you spend time at Gothic clubs, you have probably seen Owen around. He has been a staple in the American Gothic Scene for decades from coast to coast. Currently based in the San Francisco Bay Area, his unique way of bringing joy to a dancefloor can be experienced regularly at multiple clubs across Northern California, from Dark Room in San Francisco, to The Box in Santa Cruz, to Necromancy in Sacramento, and beyond, as well as doing residencies in other states and touring nationally.   A love of, and devotion to, music has manifested in many forms over Owen's lifetime. Aside form being a trained classical musician in his own right, Owen has spun professionally in such divergent musical genres as Swing, 80's, Indie, Lounge, Top 40, and Punk. Even in the Goth/Industrial realm, he is unusually diverse, spinning anything from Ethereal, to Aggrotech & EBM, to Deathrock, to 80's & 90's Industrial, and much more. He simply has a passion for music, itself, and sharing the feeling of experiencing its transcendence with others.  The Gothic Scene is something truly special. It is more than a place to go out; it is a genuine community. This is what draws many people it be part of it and this is why many of those people continue to be with it well after their peers in age have lost interest in going to clubs. When not behind the DJ tables, you will often find Owen loving this community. Chances are good he is probably dancing on the floor or conversing with everyone. His personal contributions include creating clubs and festivals, playing benefits whenever possible, and even constructing group trips and tours.   When you see Owen around, say hello, make musical requests, and most of all, have a great time. After all, we're among friends and the joy of music. That's a good enough reason to celebrate any night!",,Mr.O.OwingtonOwensford,,,,,,
88,news,San Francisco Bay Guardian,,,,,,,,,
89,ashleyjsarver,Ashtron & Friends,Pattern-seeking mammals.,,,,,,,,
90,qmuhlert,Survivalism,https://www.mixcloud.com/survivalism/,,,,,,,,
92,blacktoooth,,,,,,,,,,
93,bguestweaver,,,,,,,,,,
94,sourjayne,Sarah,,,,,,,,,
95,mhowerton,SF Examiner and SF Weekly,,,,,,,,,
96,cadet,Cadet Edac,I'm Cadet. I love music...and professional wrestling. I'm here to show you some music and make you love pro wrestling too.,,,,,,,,
97,johnpivovarnick,,,,,,,,,,
98,monicaclee87,Monica,"Being weird and feeling things.   Always dancing, always moody, always drunkenly rapping. ",,,,,,,,
99,mcardlehankin,McArdle and Ellison ,,,,,,,,,
100,chrstnhong,Clementine,too much of a sucker for overly sentimental jangle pop and punk songs about feelings / living over at cardigansandfistfights.com,,,,,,,,
101,baqvas,Baqvas,"DJ BAQVAS (fka Crimewave)  There are people that like music and then there are people that nerd out about music beyond most folks’ general capacity. Sometimes people ask if I’m friends with the artists that I’m spinning because I talk like I know them. I tell them, “No, but I know their music well enough!” Conversing about the choice tracks I drop is an incredibly empowering experience and I love the art and craft of it. In particular, being able to create sets in response to monumental events in real life -- politicizing radio djing -- makes it even more prevalent.   In January 2011, I dove into college radio and DJ-ed at UC Davis’s KDVS 90.3 FM station till graduation, June 2014. After that stint, I moved back to the Bay Area and started having radio withdrawals. By January 2015, I was brought onboard at BFF.fm. My show Fractal Chambers is on every other Saturday from 10am-11am. Why don’t you tune in?  I enjoy DJ-ing tracks from subversive artists in countries most wouldn’t think to look to -- think lo-fi alt rock from Afghanistan, triphop from Pakistan, hard-hitting hip-hop from Iran, renegade alt rock from Lebanon, experimental rock from Chile, crooners from Mexico, punk rock from Syria. I love finding music made by musicians that are part of diaspora, repping local artists, and others who are making music that stands out in a big way.   Genre-wise, I play garage rock, punk, post-punk, new wave, alt rock, hip hop, and electronic music like triphop, chillwave, witchouse and more.  Follow me @Zuha_Wave or email me if you want to send music, zuhajawad [at] gmail.",zuhawave,,baqvas,djbaqvas,,,,www.zuhakhan.com
102,vicwong,,,,,,,,,,
103,madisonflach,Madison,,,,,,,,,
104,Grillmaster,The Grillmaster,,,,,,,,,
105,testhost,,,,,,,,,,
106,alexisray,,,,,,,,,,
107,martin,DJ Rip Raptor ,,,,,,,,,
108,cd1ad0bb,,,,,,,,,,
109,mchepovetsky,,,,,,,,,,
110,npalatucci,Nick Pal,Wild ambition with little follow through. Interested in song lyrics and better living through thinking hard.,,,,,,,,
111,matt,Metro Matt,,,,,,,,,
112,test88,DJ Test 88,,,,,,,,,
113,davegonzalez,Dusclops,,,,,,,,,
114,thejc79,@Jon_Digital,I am a British DJ who is obsessed with new music. ,,,,,,,,
115,fjgarza,Frank Garza,"I'm the host of the San Francisco People podcast.  I've lived in SF since 2009 and there is no place in the world I'd rather live!  You can usually find me walking around the City, biking across the Golden Gate Bridge, or enjoying dinner & drinks at one of my favorite restaurants.",,,,,,,,
116,ellafine,ellafine,I spin tunes. I also shoot photos. I am pleased when others are happy with the results. ,,,,,,,,
117,aimeecruciphix,Aimee Cruciphix,,,,,,,,,
118,jaimeborschuk,Jaime B-Side,"Mood Pop, Lo-Fi, and Diamonds in the Rough.",jaimeborschuk,,jaimeborschuk.photo,,jaimeborschuk,,,http://jaimeborschuk.photo
119,benpearce,,,,,,,,,,
120,dubrowg,Greg D.,"Host of Mod Lang on bff.fm.  Data/research and music nerd...play bass in Gosta Berling, Big Still,  Slowness and other projects.   gostaberling.bandcamp.com bigstill.bandcamp.com  Photos on IG at amnesiac_13 and at https://www.flickr.com/photos/dannebrog/",,,,,,,,
121,niteppl,Knokternal,,,,,,,,,
122,dsikorski,David Sikorski,A music journalist and festival reviewer.   Follow  or Tweet to @festivalcritic  ,,,,,,,,
123,ChristopherWind,Christopher Wind,@HORIZONS_radio ,HORIZONS_radio,,,,,,,
124,geomcintire,George Mack,,,,,,,,,
125,hoverbird,Hoverbird,"I'm a game developer, software maker, skateboard rider and ADHD haver. Warm Focus is something I've been working on for ages, as a way to get my neurons in a row for extra demanding/rewarding projects. I hope it lights up your dendrites as well!",,,,,,,,
126,ash,ash,Ash is the Bay Area editor for The Music Ninja. ,,,,,,,,
127,natalieray7,Natalie,,,,,,,,,
128,dan,Dan Carew,"Electrofunk Aficionado, Pigeon Fan. Curate http://audioflux.tumblr.com  & The Hangover Cure.",,,,,,,,
129,benjaminmalone,Benjamin Malone,,,,,,,,,
130,LouisPotok,Louis,,,,,,,,,
131,wkcraven,Will,,iluvmondaysWill,,iluvmondaysbfffm,,,,,
132,alisonwu89,alison,cat lady ,,,,,,,,
133,derrickh77,Dennis,"I am a scientist, a nerd and a lover of an array of random music. ",,,,,,,,
134,lusyenab,,,,,,,,,,
135,mgordon2030,MellyG,,,,,,,,,
137,lizzyschliess,Sensitive Urban Female,,,,,,,,,
138,afgoldfarb,,,,,,,,,,
139,jennahomen,Jenna,,,,,,,,,
140,laurenduffy,Duffy,,duffy_,laureneliseduffy,duffalufagusss,,,leduffy,,
141,msk,Nino Msk,"Airing an Italian accent on American radios Coast to Coast, since 2008   <br/ >✍︎ nino@msk.fm<br/ ><a href=\"https://bff.fm/news/2210\">My BFF.fm DJ Profile here</a>",pizzadj,mskfm,ninomsk,mskfm,mskfm,,gagge,http://youtube.com/eermusica
142,stevekuklinski,DJ Pants,I'm a DJ! I wear pants!,,,,,,,,
143,alittle116,Adam Little,Host of Radio.wav on BFF.fm @nonlocal @radio_wav alittle116@gmail.com,,,,,,,,
144,owington,Owen,,,,,,,,,
145,JosephHurt,Bill Shitski aka Tina Burner,Love to all,,,billshitski,,,,,
146,djjamiejams,DJ Jamie Jams,"\"Well, folks, the snake has officially reached its tail. The crew behind the '90s-themed Debaser party has gotten together to create \"Last Nite,\" a brand new event that, much like its parent, is dedicated to reviving a specific moment in time. In this case, it's all about that brief period in the early-'00s when garage rock, dance punk, and electroclash all emerged and combined to form the soundtrack to the-then nascent hipster lifestyle. Resident DJs Jamie Jams and EmDee will be on hand to take you back to the days when \"deck\" was almost an adjective.\" - Derek Opperman, SF Weekly   \"Oh gawd it's here: let the retro-00s (retr00s?) commence! Jamie Jams and Emdee, the fiendish minds behind seminal '90s revival party Debaser, kick it into the Interpol-Shins-Strokes-White Stripes era and take you slightly back to \"a time when punks suddenly remembered how to dance\" — you could still hear guitars on the radio.\" - Marke B., SF Bay Guardian",,,,,,,,
147,katiana,DJ Suga Baby,,,,,,,,,
148,dolftub,Andrew Dalton,,,,,,,,,
149,miche,miche,,,,,,,,,
150,nateyg,@NateyG,,,,,,,,,
151,lorrainepetel,Hurricane Lorraine,,,,,,,,,
152,esilverman1,The Rubberband Man,,,,,,,,,
153,themusickla,Tyler Penny,"Bringing to you, interesting sounds and dope beats from LA and beyond!",,,,,,,,
154,russ,Russ Aplaceboth,"Russ Marshalek: 1/2 of a place both wonderful and strange. DJ. Vegan. Rescue frenchie dad. Lover of things, prolly not u tho",,,,,,,,
155,christinemarieo,Chrity,,,,,,,,,
156,stephescoto,StephEscoto,A show that features local musicians and artist sharing their most monumental love songs and most cry worthy heartache songs. ,,,,,,,,
157,victor,Victor V,,,,,,,,,
158,Megan,Megan,"Megan's Miscellaneous Hour showcases local artists, artists playing locally, and discussions about music we all know and love. ",,,,,,,,
159,jwgehegan,Jack G.,,,,,,,,,
160,djwikiben,DJ Wiki Ben,"Pattern Recognition is a reflection of my life. Newish music as it is released. Older albums found in record bins. Random songs from the internet or found bouncing around in my brain. Indie Rock from 00s-now, Alternative from the 90s, New Wave from the 80s, Garage Rock, Hip-Hop, Punk, Funk, Soul, and maybe some Yacht Rock if the mood strikes me.",djwikiben,djwikiben,djwikiben,,,,,
161,nodylanlockey,Dyl :-),,,,,,,,,
162,automation,DJ Otto Mason,,,,,,,,,
163,baileygreenwoo,Bailey Greenwood,,,,,,,,,
164,jeremywheat,Powell Pressburger,,,,,,,,,
165,Sashafuentes11,Three6sashia (Sasha Fuentes) ,"The Galactic Good Feel show is here to make you feel gooood. Mainly topshelf hand picked songs that have you wondering why you never funked with these jams before. Slump funk, hazy beats, Soul, Psych, something for everyone.",,,,,,,,
166,eseidman11,Erica,,poseids,,,themondaylineup,,eseids,,
167,Samnxpress,Sammo,"From LA to Austin, Nashville to SanFrancisco the music never ends! Feels good to contribute to a musical community that is constantly evolving... The bay has been good to me the past four years and I hope to see more, this city will always be wild and strange as long as we keep it that way!.!.!",,,,,,,,
168,erikadelgato,Space Abuela,Tweet me your feelings @abue1a,abue1a,,abue1a,,,,,
169,leona8595,Moon Zoom,,,,,,,,,
170,ShowBrokeRyan,Show Broke Ryan,Bay Area based radio host and music blogger spotlighting local & visiting musicians,,,,,,,,
171,DJSweetT,DJ Sweet T,"Serving music you can drink, one glass at a time. ",,,,,,,,
172,okfrog,Andrew,it me andy,,,,,,,,
174,mylenedg,MG,,,,,,,,,
175,mysickandtwistedreality,Erin and Jordan,"Femme and non-binary jams for the unwashed masses. Sometimes local, always radical.",,,,,,,,
176,mistermariomuse,DJ Mario Muse,"Mario Muse has been a bay area DJ and promoter for over 10 years as well as big supporter for local bands. As a kid he was far more interested in his record collection featuring bands such as The Monkees and Cyndi Lauper versus toys. His early roots of live music and an underground community come from the SKA and Reggae scene which he still holds near and dear to his heart. That all changed when he was randomly gifted \"The Smiths - Louder Than Bombs\" at the age of 13 and ever since has been ab obsessive fan of all things Morrissey. For the past 6 years Mario has thrown the infamous Morrissey and Smiths tribute night at The Milk Bar called \"The Queen is Dead\" and done various guest DJ spots throughout the bay area as well as in Portland, Chicago, and Florida. His DJ sets have spanned everything from Death Rock to Minimal Techno but these days his main genres of choice are Brit Pop, Post Punk, Indie, Punk and some Rock. ",,,,,,,,
177,yellowbird2345,lil baby vom vom,"Shannon B. lives in the sunset district, has a cat named Marcel, is in a band called SOAR, and is a printmaker/curator most of the time. Enjoys embroidery, loud tender punk shows, and most kinds of food. ",,,,,,,,
178,montse327,dj heina,twitter: @venusinfuzzz ,,,,,,,,
179,crownofsprats,D. Voice,Just a disembodied voice trying to find a welcome ear...,,,,,,,,
180,pteichman,,,,,,,,,,
181,torrezandre,Andre,,,,,,,,,
182,barrettdigger,Digger Barrett,,,,,,,,,
183,Parkergriffin,Parker Simon,,,,,,,,,
184,campbellevang,Ev,,,,,,,,,
185,ron,Ron Vargas,Just visiting.,,,,,,,,
186,birdflukitchenrecords,Alvie,"Hi my name is Alvie,   I have a huge passion for music and showing support for bands that deserve it. I want this show's focus to be on as much local bay area talent as possible. Although, sometimes I might go off base and play various emerging bands from other music communities. If you want your music played here in the Bay Area send me a message.   When I'm not playing music I want to bring in local talent for interviews, acoustic performances, and any other random things I can think up.   Here is a little bit about me: I live in SF, ride my bike as much as I can, and I enjoy hiking and outdoor activities. When I'm in the city I am usually drinking beers, hanging out at parks, and going to as many local shows as I can! I play in a local band called Alvie & The Breakfast Pigs. We call our music trash blues; we are loud and in your face, come check us out. I will for sure be talking about our upcoming shows and other local shows around the bay area as well. If you have any shows you want me to mention shoot me a message.  I would love to take requests if anyone has any or questions comments concerns contact birdflukitchenrecords@gmail.com    alvieandthebreakfastpigs.com   facebook.com/thebreakfastpigs  instagram.com/alvieandthebreakfastpigs  Give us a or like/follow and come check out a show!",,,,,,,,
187,melaniew1357,Melanie,"Music for spirits, lost and found unknowns, and weirdo/spiritual music. ",,,melanie_mmarie,,,,,
188,esilvers1,Emma,,,,,,,,,
189,douglasslayton,Douglock,Likes long sleeves and sad songs. ,wringblue,wringblue,wringblue,wringblue,,sadderdaysf,wringblue,
190,stefan,Stef M,,,,,,,,,
191,radiodsasf,DJ Debs,,,,,,,,,
192,monomoses,Mono Moses,"I shaved my beard but this is the best picture of me. It's actually a drawing. I've been playing records in dive bars for so many years to so few people. It's ok, I prefer to drink alone. Singles Night, lots of layers to this.",,,,,,,,
193,ajzak6,Mimi Zak ,,,,,,,,,
194,antiroyalty,antiroyalty,,,,,,,,,
195,tonyajoeradio,wontonya,,,,,,,,,
196,lilysloane,Lily Sloane,"Lily Sloane is a licensed psychotherapist in San Francisco, creator of the podcast A Therapist Walks Into a Bar, musician, and freelance audio producer.",lilyrosesloane,walksintoabar,atherapistwalksintoabar,atherapistwalksintoabar,,,,http://www.lilymakessound.com
197,marisakburke,Lady B,"Subject to Change plays everything from classic rock to international hits, comparing one classic artist to another every week. Each episode is unique to the artists being compared, depending on lyrical style, societal significance, or vocal influence...so, in theory, you're listening to a new artist every week (fingers crossed)!  Tune in for some fun facts, groovy tunes, and even better company with a girl who just keeps rambling hoping people will actually listen and laugh.",,,,,,,,
198,fila429,Sharif,,,,,,,,,
199,abhishekkhurana19,Ab,,,,,,,,,
200,daniscoville,DJ Social Eyes,Spiritual director | enneagram nerd | extroverted mystic  daniscoville.com @daniscoville (Twitter & Instagram),,,,,,,,
201,dmhambro,skunk d ,Want to play rap and soul for u,,,,,,,,
202,apenman427,Crub,,,,,,,,,
203,itsabwgn,Sasha,"Host of Boy with Girl's Name Morning Mix Tape, featuring themed playlists to accompany coffee and commuting. New episodes broadcast live every Tuesday 8AM-10AM PT on BFF.FM and archived on the site.",boywgirlsname,,,,,,,
204,websitepreview,,,,,,,,,,
205,designer,,,,,,,,,,
206,digaresc,Diego,,,,,,,,,
207,blerp,,,,,,,,,,
208,Gideon,Gideon,A budding record digger looking to share his finds with the world. ,,,,,,,,
209,elisabeth,elisabeth,,,,,,,,,
210,alexanderguryev,,,,,,,,,,
211,bourgeoisgirl,That Bourgeois Girl,,,,,,,,,
212,ycdemo,Jenny Demo,,,,,,,,,
213,christophermosson,DJ Fizzy Pop,,,,,,,,,
214,michaelpatrickbordelon,DJ POBOY,,,,,,,,,
215,JoshPM,Josh PM,☺ Fire Skank With Me ☻ Good Pal ☺ Guitarist in Schlub ☻ Illustrator and Comic Artist    ☺ Likes Ska ☃,joshpm,rudeawakeningradio,rudeawakeningradio,,,joshpmf,joshpm,https://joshpmfrees.com
216,seanmikula,Sean M. & Teresa C. ,An Endless Pit of Coffee & B-Movies.,,,,,,,,
217,phillipsrachel3,Raybot,In pursuit of the perfect cappuccino.  ,,,,,,,,
218,azhang496,annie,yr local tall-ish chinese girl // tweets @luck_bamboo,,,,,,,,
219,dwilikofsky,DJ Astronaut Mike Dexter,,,,,,,,,
220,jannabray,Janna Bray,"Just a gal who enjoys music, pizza, cats, and the Great British Bakeoff. Oh yeah, and who thinks Spaceballs is one of the best movies around. ",,,,,,,,
221,dallred1989,DJ Mr Darcy,"Howdy,  I've moved from the Midwest to pop a squat for grad school at USF in the MFA Writing program. In between study time, I'm looking for inspiration to persist through the majesty of music. And community radio is essentially the pot of gold at the end of that coping-with-acute-academic-anxiety rainbow. I play mostly new releases from up and comers in genres of hip hop, jazz, folk, psychedelic, pop and the unbounded sonic atmosphere that lies beneath the indie/alternative umbrella.  For queries/comments/pitches, contact me at allreddarcy@gmail.com.",allreddarcy,darcy.allred,girlsjustwannahavepun1,,,allreddarcy,,
222,mzprizm,Mz Prizm,Join Mz Prizm every week for two hours of delicious beats. Explore the themes of Night Light Radio through Caro's archive at MzPrizm.com,prizmeyez,prizmeyez,mz_prizm,prizmeyez,,carolynnickell,,MzPrizm.com
223,chalen,DJ HAMMY,"straight outta WUOG 90.5FM Athens, Georgiaa bringing you the bops bringing you the hits bringing you some straight BANGERS if you see me out let's dance",,,chal.en,,,,,http://chalen.ga
224,blythesheldon,Blythe Sheldon,,,,,,,,,
225,Hunterscott10,Hunter ,,,,,,,,,
226,Courtney,Courtney,,,,,,,,,
227,Kalenbergado,Kalen Bergado,,TimesMayVary,,,,,,,
228,teresacullen,Sweet T,"Graphic Designer by day, DJ and Street Creature by night. You can find me scrounging around the streets of San Francisco, spinning vinyl at select bars in The Mission, and drinking way too much coffee.",casually_crying,casuallycrying,casually_crying,,,teresaamelia,,
229,saachi,Saachi-Ko,,,,,,,,,
230,philventura,Phil Ventura,"music nerd, film nerd, comic book nerd. with a particular obsession with the groundbreaking icons of the late 70's and early 80's.",,,,,,,,
231,kellysweeneyosato,Kells,,,,,,,,,
232,Jeffreypedroza,DJ Y YOU LYING,,,,,,,,,
233,tngswtr,,,,,,,,,,
234,mpignetti,lil data,,,,cyberinsecurity,,,,mads321,
235,opalbff,Denley,Denley hosts Opal Heights with K'in Sventa.  He runs a record label called Hallowed Articles.,,,opal_heights,denleymusic,,,,http://www.hallowedarticles.com/
236,DJ4AM, DJ4AM / JasonNevermind,,,,,,,,,
237,kinsventa,K'in Sventa,,,,,,,,,
238,thompsonjbrian,Brian Thompson,,,,,,,,,
239,tibrewalaadity,Adity Chai,,,,,,,,,
240,lailafoz,Laila,,,,,,,,,
241,shainy,sherpa shainy,"work in education - otherwise can be found doing yoga, helping east bay dsa, drinking coffee, or cycling around",shainyyyyyy,,shainyyyyyy,shaina-prasad,shainaprasad,127004270,shainaprasad,
242,mstephens147,Mak,"no chill personality, but I play pretty chill tunes by women and queer artists.  Pre-recording Hot Mess.",,,,,,,,
243,benadmin,Ben Ward [Admin],,benward,bnwrd,bnwrd,,,,benward,https://bff.fm/people/benward
244,jessicamakhlin,DJ Мишка,,,mishkakxlu,mi.sh.ka,miiishkaaa,djmishkalisten,,,
245,elizabethsoup,Slim Pickens,,,,,,,,,
246,C00LWORLDDJ,Kelsey Styles,gemini + pinball wizard,,,_imnotsureaboutanyofthis_,,,,,https://www.kelseystyles.org/
247,misha,Misha,,mknyazev,mknyazev,mknyazev,,,12120030721,,
248,kvwong218,Kellie,,,,,,,,,
249,suldrew,@suldrew,"I think I've been on five different shows now: Roll Over Easy, Burrito Justice, Long Lunch Break, Hanging Garden, Boy With Girl's Name.  What did I miss?",suldrew,,suldrew,,,,,https://sulli.info
250,robhagle,Rob Hagle,,,,,,,,,
251,CristoMidnight,CRISTO MIDNIGHT,,,,,,,,,
252,Meesh,DJ Meesh,"Graphic Designer by day, music lover & discoverer all-day&night—every-day&night!",,,,,,,,https://jamgemz.com/
253,Ebjustice2006,DJ Mr.White,I'm just handing out life lessons people!,,TonyBurgess,Ebonyjustice2020,,,,,https://www.facebook.com/DjMrWhite2006/
254,duygugunduygugun,DuJ,,,,,,,,,
255,dylangallagher92,vverevvolf,"Dylan Gallagher is one half of the Berkeley-based pop duo, vverevvolf, the other half being Kelsey LaRae. The pair released their first EP, Electric Blue, in February 2018, and have performed at Bay Area venues including the Great American Music Hall, the Independent, Rickshaw Stop, Bottom of the Hill, and more. Dylan loves pop music, dogs, poetry, the tea, and a healthy dose of drama.",vverevvolfmusic,vverevvolfmusic,vverevvolfmusic,vverevvolfmusic,,vverevvolfmusic,,vverevvolf.com
256,Milesey,Miles Otway,"Hailing from the mean streets of South East London, Miles Otway is a newcomer to the Bay area. Formerly a voice over artist on UK TV channels, Miles loves to talk to anyone who'll listen. He's even made a Vlog about his experiences in America on Youtube.  As a DJ, Miles has spun at a number of London clubs, such as Egg and Ministry of Sound, as well as Glastonbury Music festival. You can catch him right here in the Bay playing at Madrone every first Friday and Wish Bar every First Tuesday. Using his eclectic taste, Miles is ready to teach the Bay area about the UK vibe.  ",Milesotway,MilesOtwayPresents,sirskanksalot,sirskanksalot,milesotway,milesotway,,https://www.youtube.com/c/milesotway
257,Jdgoodhue,,,,,,,,,,
258,isalty,dj salty,nature geek and art ho,,,isalty,,,,,
259,brotherkris,Brother Kris,,pinchednerve,,pnerve,pinched-nerve,pinchednerve,,,
260,abelchere,Alexi,,,,,,,,,
261,paigecschaefer,DJ Audiopaige ,,,,,djaudiopaige,,,,
262,michelektel,Michele K-Tel,,michelektel,,michelektel,michele-k-tel,,,,
263,iswirnoff,Irwin Swirnofff,,,,,,,,,
264,Alina,,,,,,,,,,
265,toshimisan,dj kame,I like turtles. :),liannishizuka,,,,,winwinturtle,,
266,siporter43,Brother Porter,I'm just a guy who loves music and curating it for the masses. Yup.,,,,,,,,
267,corysklar,Chaki,Chaki is a funky alien wizard from outer space.,askchaki,chaki818,chakifunkwizard,,,,,chaki.bandcamp.com
268,queerear,clare,,,,cpalmtreez,,,,,
269,touchtouchpublishing,Touch Touch Publishing,,,,small_ernst,touchtouchpublishing,,,,http://www.touchtouchpublishing.com/
270,hushbo,bo walsh,,,,,,,,,
271,bitchtalk,Erin & Ange,,,,,,,,,
272,music,BFF.fm Music Department,,,,,,,,,
273,forrest,Forrest Guest,,,,,,,,,
275,djbongiovanni,Denise BonGiovanni,"Host of \"The Lost Tribe Serenade\" on San Francisco's BFF.fm.  Mondays 8-10 am, PST.",bone_song,thelosttribeserenade,the.lost.tribe.serenade,,,,,
276,leah,Leah,,,,,,,,,
277,joefromer,Joe Fromer,,,,,,,,,
278,giveaways,BFF.fm Giveaways,,,,,,,,,
279,DJSoups,DJ Soups,"Hello my little noodles I am DJ Soups and I am absolutely obsessed with electronic music. I have been in the electronic music scene for 10 years now, my favorite genre is bass music, and I got my degree in Music Industry! My goal is to bring quality content of everything relevant/new in the electronic music scene and to give you honest reviews of different music festivals and events! Feel free to tweet at me your experiences at different music festivals and events! PLUR vibes only 🥣✨",DJSoups,,dj_soups,amber55_soupy,,,,
280,anacorella,Velaluna,Velaluna is a Producer & DJ from the Bay Area. They drop the nastiest jams from techno/house to bass to juke & experimental beats to drum & bass & oldies.  ,Velaluna_MLC,TheRealVelaluna,therealvelaluna,velaluna,ana-corella,analikebananas,,https://velaluna.bandcamp.com/
281,yaz,Yasemin Terzi,Second generation electronic music junkie :~),,,nimesayaz,nimesayy,yasemin-terzi,1243608992,,
282,julianmark,Julian Mark,,,,,,,,,
283,victoria,Vicky,I like music a lot. On a neverending quest to find unfamiliar sounds and understand where they came from,,vicky.kasar.1,vickavix,v-i_cky,victoria-kasar,129090673,,https://bit.ly/2ZXcyeQ
284,Penny,Penny Jenkins,Super rad art dad film photography and music journalism is what i do   ,boogied0wn,,boogie.dwn,,,,,
285,throwinbos,Throwin' Bo's,"Throwin' Bo's was born out of a monthly live music series at the beloved Elbo Room (RIP). Since then, the series has branched off to showcase up and coming artists on the local and touring levels at venues across the Bay Area.   You can now hear the sound of Throwin' Bo's on your airwaves with Throwin' Bo's Radio Hour, where founder Eli Anaya plays an eclectic mix of great tunes that he likes. It's that simple, for now!",,throwinbos,throwinbossf,,,anayalater69,,
286,fortune,Michael Fortune,,,,,,,,,
287,apenman,Crub,,penxman,,penxman,,,12444768,penxman,penxman.com
288,jasonhanlon,Jason Hanlon,,,,,,,,,
289,helena,Shae Beignet ,,,,,,,,,
290,djcatsanova,DJ CatsaNova,"Born and raised in Harlem, NY, DJ CatsaNova moved to The Bay Area in 2017 to study at USF. There he furthered his passion for music by collecting vinyl which lead him to KUSF, that is when DJ CatsaNova was born.",DJCatsaNova,DJCatsaNova,DJCatsaNova,,DJCatsaNova,DJCatsaNova,,https://www.mixcloud.com/DJCatsaNova/
291,me0wgan,Morgan Alice,,,,theumbrellassf,,,,anorakpop,https://discontinuousinnovationinc.bandcamp.com/album/maritime-e-p