[
  {
    "program_id": 0,
    "user_id": 19
  },
  {
    "program_id": 0,
    "user_id": 26
  },
  {
    "program_id": 140,
    "user_id": 74
  },
  {
    "program_id": 173,
    "user_id": 90
  },
  {
    "program_id": 188,
    "user_id": 96
  },
  {
    "program_id": 210,
    "user_id": 113
  },
  {
    "program_id": 198,
    "user_id": 104
  },
  {
    "program_id": 98,
    "user_id": 70
  },
  {
    "program_id": 217,
    "user_id": 121
  },
  {
    "program_id": 68,
    "user_id": 103
  },
  {
    "program_id": 39,
    "user_id": 29
  },
  {
    "program_id": 30,
    "user_id": 23
  },
  {
    "program_id": 221,
    "user_id": 125
  },
  {
    "program_id": 222,
    "user_id": 126
  },
  {
    "program_id": 204,
    "user_id": 110
  },
  {
    "program_id": 68,
    "user_id": 49
  },
  {
    "program_id": 146,
    "user_id": 77
  },
  {
    "program_id": 218,
    "user_id": 122
  },
  {
    "program_id": 230,
    "user_id": 133
  },
  {
    "program_id": 235,
    "user_id": 139
  },
  {
    "program_id": 227,
    "user_id": 130
  },
  {
    "program_id": 18,
    "user_id": 11
  },
  {
    "program_id": 213,
    "user_id": 115
  },
  {
    "program_id": 220,
    "user_id": 124
  },
  {
    "program_id": 214,
    "user_id": 116
  },
  {
    "program_id": 13,
    "user_id": 6
  },
  {
    "program_id": 243,
    "user_id": 151
  },
  {
    "program_id": 90,
    "user_id": 53
  },
  {
    "program_id": 247,
    "user_id": 154
  },
  {
    "program_id": 246,
    "user_id": 153
  },
  {
    "program_id": 135,
    "user_id": 69
  },
  {
    "program_id": 135,
    "user_id": 82
  },
  {
    "program_id": 229,
    "user_id": 132
  },
  {
    "program_id": 248,
    "user_id": 27
  },
  {
    "program_id": 250,
    "user_id": 155
  },
  {
    "program_id": 62,
    "user_id": 46
  },
  {
    "program_id": 252,
    "user_id": 157
  },
  {
    "program_id": 63,
    "user_id": 47
  },
  {
    "program_id": 254,
    "user_id": 159
  },
  {
    "program_id": 257,
    "user_id": 161
  },
  {
    "program_id": 33,
    "user_id": 26
  },
  {
    "program_id": 191,
    "user_id": 99
  },
  {
    "program_id": 270,
    "user_id": 6
  },
  {
    "program_id": 255,
    "user_id": 160
  },
  {
    "program_id": 279,
    "user_id": 182
  },
  {
    "program_id": 285,
    "user_id": 185
  },
  {
    "program_id": 237,
    "user_id": 43
  },
  {
    "program_id": 237,
    "user_id": 142
  },
  {
    "program_id": 212,
    "user_id": 114
  },
  {
    "program_id": 277,
    "user_id": 137
  },
  {
    "program_id": 284,
    "user_id": 184
  },
  {
    "program_id": 49,
    "user_id": 39
  },
  {
    "program_id": 224,
    "user_id": 128
  },
  {
    "program_id": 278,
    "user_id": 181
  },
  {
    "program_id": 280,
    "user_id": 183
  },
  {
    "program_id": 238,
    "user_id": 143
  },
  {
    "program_id": 236,
    "user_id": 141
  },
  {
    "program_id": 242,
    "user_id": 150
  },
  {
    "program_id": 242,
    "user_id": 171
  },
  {
    "program_id": 244,
    "user_id": 152
  },
  {
    "program_id": 42,
    "user_id": 32
  },
  {
    "program_id": 172,
    "user_id": 89
  },
  {
    "program_id": 219,
    "user_id": 123
  },
  {
    "program_id": 109,
    "user_id": 62
  },
  {
    "program_id": 60,
    "user_id": 44
  },
  {
    "program_id": 263,
    "user_id": 167
  },
  {
    "program_id": 275,
    "user_id": 179
  },
  {
    "program_id": 294,
    "user_id": 192
  },
  {
    "program_id": 295,
    "user_id": 193
  },
  {
    "program_id": 297,
    "user_id": 195
  },
  {
    "program_id": 292,
    "user_id": 190
  },
  {
    "program_id": 296,
    "user_id": 194
  },
  {
    "program_id": 205,
    "user_id": 111
  },
  {
    "program_id": 300,
    "user_id": 198
  },
  {
    "program_id": 300,
    "user_id": 199
  },
  {
    "program_id": 287,
    "user_id": 145
  },
  {
    "program_id": 287,
    "user_id": 187
  },
  {
    "program_id": 100,
    "user_id": 56
  },
  {
    "program_id": 306,
    "user_id": 203
  },
  {
    "program_id": 14,
    "user_id": 7
  },
  {
    "program_id": 201,
    "user_id": 107
  },
  {
    "program_id": 17,
    "user_id": 10
  },
  {
    "program_id": 61,
    "user_id": 45
  },
  {
    "program_id": 67,
    "user_id": 58
  },
  {
    "program_id": 17,
    "user_id": 59
  },
  {
    "program_id": 159,
    "user_id": 85
  },
  {
    "program_id": 189,
    "user_id": 98
  },
  {
    "program_id": 24,
    "user_id": 17
  },
  {
    "program_id": 25,
    "user_id": 18
  },
  {
    "program_id": 65,
    "user_id": 28
  },
  {
    "program_id": 310,
    "user_id": 206
  },
  {
    "program_id": 69,
    "user_id": 50
  },
  {
    "program_id": 311,
    "user_id": 208
  },
  {
    "program_id": 20,
    "user_id": 13
  },
  {
    "program_id": 20,
    "user_id": 64
  },
  {
    "program_id": 288,
    "user_id": 188
  },
  {
    "program_id": 272,
    "user_id": 176
  },
  {
    "program_id": 92,
    "user_id": 65
  },
  {
    "program_id": 92,
    "user_id": 66
  },
  {
    "program_id": 266,
    "user_id": 172
  },
  {
    "program_id": 46,
    "user_id": 36
  },
  {
    "program_id": 89,
    "user_id": 52
  },
  {
    "program_id": 303,
    "user_id": 201
  },
  {
    "program_id": 307,
    "user_id": 167
  },
  {
    "program_id": 261,
    "user_id": 165
  },
  {
    "program_id": 159,
    "user_id": 144
  },
  {
    "program_id": 256,
    "user_id": 54
  },
  {
    "program_id": 256,
    "user_id": 212
  },
  {
    "program_id": 267,
    "user_id": 75
  },
  {
    "program_id": 267,
    "user_id": 174
  },
  {
    "program_id": 299,
    "user_id": 197
  },
  {
    "program_id": 273,
    "user_id": 177
  },
  {
    "program_id": 289,
    "user_id": 14
  },
  {
    "program_id": 239,
    "user_id": 10
  },
  {
    "program_id": 239,
    "user_id": 20
  },
  {
    "program_id": 45,
    "user_id": 35
  },
  {
    "program_id": 21,
    "user_id": 14
  },
  {
    "program_id": 27,
    "user_id": 20
  },
  {
    "program_id": 52,
    "user_id": 42
  },
  {
    "program_id": 120,
    "user_id": 67
  },
  {
    "program_id": 186,
    "user_id": 94
  },
  {
    "program_id": 240,
    "user_id": 146
  },
  {
    "program_id": 253,
    "user_id": 158
  },
  {
    "program_id": 231,
    "user_id": 135
  },
  {
    "program_id": 323,
    "user_id": 218
  },
  {
    "program_id": 325,
    "user_id": 220
  },
  {
    "program_id": 330,
    "user_id": 224
  },
  {
    "program_id": 317,
    "user_id": 213
  },
  {
    "program_id": 15,
    "user_id": 8
  },
  {
    "program_id": 271,
    "user_id": 175
  },
  {
    "program_id": 92,
    "user_id": 229
  },
  {
    "program_id": 335,
    "user_id": 230
  },
  {
    "program_id": 336,
    "user_id": 231
  },
  {
    "program_id": 337,
    "user_id": 232
  },
  {
    "program_id": 308,
    "user_id": 171
  },
  {
    "program_id": 334,
    "user_id": 227
  },
  {
    "program_id": 274,
    "user_id": 178
  },
  {
    "program_id": 344,
    "user_id": 242
  },
  {
    "program_id": 234,
    "user_id": 137
  },
  {
    "program_id": 345,
    "user_id": 246
  },
  {
    "program_id": 265,
    "user_id": 245
  },
  {
    "program_id": 258,
    "user_id": 163
  },
  {
    "program_id": 343,
    "user_id": 240
  },
  {
    "program_id": 324,
    "user_id": 219
  },
  {
    "program_id": 347,
    "user_id": 250
  },
  {
    "program_id": 349,
    "user_id": 227
  },
  {
    "program_id": 350,
    "user_id": 252
  },
  {
    "program_id": 29,
    "user_id": 22
  },
  {
    "program_id": 321,
    "user_id": 217
  },
  {
    "program_id": 41,
    "user_id": 31
  },
  {
    "program_id": 41,
    "user_id": 76
  },
  {
    "program_id": 353,
    "user_id": 255
  },
  {
    "program_id": 16,
    "user_id": 9
  },
  {
    "program_id": 326,
    "user_id": 221
  },
  {
    "program_id": 259,
    "user_id": 164
  },
  {
    "program_id": 355,
    "user_id": 258
  },
  {
    "program_id": 315,
    "user_id": 211
  },
  {
    "program_id": 228,
    "user_id": 131
  },
  {
    "program_id": 354,
    "user_id": 256
  },
  {
    "program_id": 12,
    "user_id": 5
  },
  {
    "program_id": 356,
    "user_id": 259
  },
  {
    "program_id": 318,
    "user_id": 214
  },
  {
    "program_id": 47,
    "user_id": 140
  },
  {
    "program_id": 47,
    "user_id": 248
  },
  {
    "program_id": 44,
    "user_id": 34
  },
  {
    "program_id": 359,
    "user_id": 260
  },
  {
    "program_id": 360,
    "user_id": 261
  },
  {
    "program_id": 26,
    "user_id": 19
  },
  {
    "program_id": 364,
    "user_id": 33
  },
  {
    "program_id": 365,
    "user_id": 265
  },
  {
    "program_id": 302,
    "user_id": 200
  },
  {
    "program_id": 363,
    "user_id": 263
  },
  {
    "program_id": 320,
    "user_id": 228
  },
  {
    "program_id": 262,
    "user_id": 166
  },
  {
    "program_id": 362,
    "user_id": 262
  },
  {
    "program_id": 251,
    "user_id": 156
  },
  {
    "program_id": 339,
    "user_id": 234
  },
  {
    "program_id": 367,
    "user_id": 267
  },
  {
    "program_id": 32,
    "user_id": 25
  },
  {
    "program_id": 352,
    "user_id": 253
  },
  {
    "program_id": 348,
    "user_id": 251
  },
  {
    "program_id": 29,
    "user_id": 57
  },
  {
    "program_id": 309,
    "user_id": 57
  },
  {
    "program_id": 28,
    "user_id": 21
  },
  {
    "program_id": 22,
    "user_id": 15
  },
  {
    "program_id": 23,
    "user_id": 16
  },
  {
    "program_id": 371,
    "user_id": 27
  },
  {
    "program_id": 372,
    "user_id": 271
  },
  {
    "program_id": 223,
    "user_id": 127
  },
  {
    "program_id": 152,
    "user_id": 81
  },
  {
    "program_id": 193,
    "user_id": 100
  },
  {
    "program_id": 193,
    "user_id": 101
  },
  {
    "program_id": 329,
    "user_id": 222
  },
  {
    "program_id": 9,
    "user_id": 4
  },
  {
    "program_id": 361,
    "user_id": 4
  },
  {
    "program_id": 298,
    "user_id": 196
  },
  {
    "program_id": 340,
    "user_id": 235
  },
  {
    "program_id": 340,
    "user_id": 237
  },
  {
    "program_id": 373,
    "user_id": 275
  },
  {
    "program_id": 96,
    "user_id": 276
  },
  {
    "program_id": 96,
    "user_id": 55
  },
  {
    "program_id": 264,
    "user_id": 168
  },
  {
    "program_id": 148,
    "user_id": 79
  },
  {
    "program_id": 88,
    "user_id": 51
  },
  {
    "program_id": 374,
    "user_id": 279
  },
  {
    "program_id": 216,
    "user_id": 120
  },
  {
    "program_id": 357,
    "user_id": 241
  },
  {
    "program_id": 319,
    "user_id": 215
  },
  {
    "program_id": 370,
    "user_id": 270
  },
  {
    "program_id": 241,
    "user_id": 147
  },
  {
    "program_id": 215,
    "user_id": 118
  },
  {
    "program_id": 377,
    "user_id": 285
  },
  {
    "program_id": 375,
    "user_id": 280
  },
  {
    "program_id": 331,
    "user_id": 223
  },
  {
    "program_id": 378,
    "user_id": 284
  },
  {
    "program_id": 35,
    "user_id": 28
  },
  {
    "program_id": 35,
    "user_id": 68
  },
  {
    "program_id": 368,
    "user_id": 268
  },
  {
    "program_id": 290,
    "user_id": 189
  },
  {
    "program_id": 305,
    "user_id": 287
  },
  {
    "program_id": 384,
    "user_id": 290
  },
  {
    "program_id": 316,
    "user_id": 33
  },
  {
    "program_id": 369,
    "user_id": 269
  },
  {
    "program_id": 50,
    "user_id": 277
  },
  {
    "program_id": 50,
    "user_id": 286
  },
  {
    "program_id": 50,
    "user_id": 288
  },
  {
    "program_id": 382,
    "user_id": 289
  },
  {
    "program_id": 366,
    "user_id": 266
  },
  {
    "program_id": 157,
    "user_id": 83
  },
  {
    "program_id": 157,
    "user_id": 282
  },
  {
    "program_id": 226,
    "user_id": 129
  },
  {
    "program_id": 333,
    "user_id": 226
  },
  {
    "program_id": 346,
    "user_id": 247
  },
  {
    "program_id": 376,
    "user_id": 283
  },
  {
    "program_id": 281,
    "user_id": 1
  },
  {
    "program_id": 139,
    "user_id": 73
  },
  {
    "program_id": 286,
    "user_id": 186
  },
  {
    "program_id": 31,
    "user_id": 24
  }
]