id,title,short_description,short_name,categories,podcast_explicit,website,social_twitter,social_facebook,social_insta,social_soundcloud,social_mixcloud,social_spotify,social_lastfm
9,Radioculars,The best new underground music from around the Interwebs.,radioculars,|59||167||174|,0,,,,,,,,
12,Cracked Machine,"High-energy punk, pop, and rock n' roll. ",cracked-machine,|174||166||57|,0,,,,,,,,
13,The Midnight Prowl ,An eclectic collection of Rock from Heavy to Avant Garde Experimental awash in a soup of destiny.,the-midnight-prowl,|96||87||57|,0,,,,,,,,
14,The Highpoint Lowlife Radio Show,++ modular algorithmic rave and bit-shifted r'n'b hits of tomorrow ++,highpoint-lowlife,|59||167||164||165|,0,,,,sideb0ard,,,,sideb0ard
15,Burrito Justice League,Like Twitter for the Radio!,burrito-justice-radio,|39|,0,,,,,,,,
16,Pop Music,"Catchy, nerdy, and weird songs that get stuck in your skull. Chiptunes, indie pop, hip hop, and more.",pop-music,|59||164||166|,0,,,,,,,,
17,"hello, cheetle.",ear rippers and garage bangers that promise to get you cats all riled up. ,hello-cheetle,|174||173||57|,1,http://hellocheetle.com/,hellocheetle,,,,,,
18,The Eastern Shore,Talking about Oakland and the East Bay while working very hard not to diss San Francisco.,the-eastern-shore,|39|,0,,,,,,,,
20,Tuff Signals,"Coastal curated jams from the west & midwest. New garage, indie, punk & whatever else we feel like throwin' down.",tuff-signals,|174||173||57|,0,https://tuffsignals.tumblr.com,tuffsignals,tuffsignals,,,,,
21,Anti-Gravity Bunny,"A little fluff, a lot of black hole.",anti-gravity-bunny-radio,|59||167||173|,0,,,,,,,,
22,Pre Show Jitters,A show about live shows in and around San Francisco.,pre-show-jitters,|166||57|,0,,,psjitters,,,,,
23,lesser labyrinths,Bringing you all the postnomathwavenoisecore jams.,lesser-labyrinths,,0,,,,,,,,
24,Dig This!,"Jazz/funk/hip-hop/grooves from across the cosmos, since 2006.",dig-this,|59||83||164|,0,,,,,,,,
25,Hello Sunshine,Cheerful indiepop weekend music,hello-sunshine,|166||173|,0,,,,,,,,
26,Radical Dreamers,"Strange bleeps, bloops, and rhythms from all types of eras.",radical-dreamers,|59||167|,0,,,,,,,,
27,Baystrife,the dark side,baystrife,|59||164|,0,,,,,,,,
28,Mai + Charlie,Icelandic Music & Other Stuff Too.,mai-charlie,|59||167||166|,0,,,,,,,,
29,Eclectic Kettle,Opened with guitars & ended in things that bleep; new music in the fine tradition of British evening sessions.,eclectic-kettle,|59||166||57|,1,http://eclectickettle.com,bffkettle,eclectickettle,,,eclectic_kettle,,
30,Yesterdaydreams,"The '80s never ended! We've got all the weird and fun hits from then PLUS a bunch of artists from now who are still proudly carrying that '80s torch. New Wave, Italo, Electro Funk, Synth Pop and everything else with a digital beat and intense vocals!",yesterdaydreams,,0,,,,,,,,
31,The British Are Coming,Modern-British-Indie-Alternative-Electronic-Radio-Show?,the-british-are-coming,|166||57|,0,,,,,,,,
32,I Rock I Roll Radio ,Discover your next favorite band. New music & fun chatter with Nora & guests. ,i-rock-i-roll-radio,|59||167||174||166||173||57|,0,http://www.irockiroll.com/,irockiroll,irockirolldotcom,irockiroll,irockiroll,,irockiroll,noraonthepull
33,Postscript Radio,"Post-Rock, Math-Rock, .... mostly instrumental - none of that verse/chorus stuff",postscript-radio,|172||57|,0,,,,,,,,
35,Roll Over Easy,Grab your cup of coffee ☕️ and join us for a healthy dose of local news and interviews that will remind you why you love the City by the Bay! 📻,roll-over-easy,|311||39|,0,https://rollovereasy.org,rollovereasy,,,,,,
36,Blues Had a Baby,"Blues had a baby and they named it rock n roll...",the-blues-had-a-baby,|57|,0,,,,,,,,
39,Extra Toppings,Songs to listen to while you cozy up to a nice pizza.,extra-toppings,,0,,,,,,,,
41,Astral Projection Radio Hour,witchy vibes ☩ sonic spells ,astral-projection-radio-hour,|59||174||165||39|,0,https://www.chroniclebooks.com/titles/the-astrological-grimoire.html,witchradio,,witchradio,,,,
42,Radio Shoe,Themed playlists that make you feel things.,radio-shoe,|313||174||166||173||165||57|,0,,,,,,,juststella,
44,Just Another Menace Sunday,,just-another-menace-sunday,|166|,0,,,,,,,,
45,A Shot In The Arm,sly declarations of new classic status slipped into lists of old safe ones...,a-shot-in-the-arm,|57|,0,,,,,,,,
46,Waxing Satellite .❍. Radio Show,"From the Southern Pacific, we are here to groove you. - WS .❍.",waxing-satellite-radio-show,|59||167||174||164||173||165|,0,,,,,,,,
47,Green Room,Hang out backstage with your new favorite band. ,green-room,|59||167||174||311||166||173||57||39|,0,,,,,,,,
49,Stuck In Thee Garage,"various shades of rock: indie, punk, new wave, hard rock & garage",stuck-in-thee-garage,|57|,0,http://stuckintheegarageradio.blogspot.com/,,,,,koomdogg,,
50,Make It Funky Radio,"Inspired by classic funk and disco, Make It Funky, a collective of DJs passionate about independent music, radio, and nightlife.",make-it-funky-radio,|59||164||166||173||165|,0,,MakeItFunkySF,makeitfunkysf,,,,,
52,Cult of Riffs,Worship the riff!  Worship unholy obscurity!  Eternal hails! ,cult-of-riffs,|57|,0,,,,,,,,
59,No Slaw In The Freezer,Nice music. No mean music.,no-slaw-in-the-freezer,|171||176||59||163||181||78||57||178|,0,,,,,,,,
60,Teenage Tragedies,Oldies like you've never heard them before.,teenage-tragedies,|166||57|,0,,,,,,,,
61,Sounds In The Dark,Mixing a musical nightcap of ambient bliss,sounds-in-the-dark,|59||167|,0,,BFFDarkSounds,,,,Sounds_In_The_Dark,,
62,Rhombus.,Dark. Dreamy. Grimey. Dirty. Weird. ,rhombus,|179|,0,,,,,,,,
63,Cuckoo for Coco's Pop Underground,"Eclectic, wacky, wild & fresh underground pop w/Coco from the music blog, Coco Stereo.",cuckoo-for-coco-s-pop-underground,|171||176||96||185||167||174||164||166||172||173||177||159||74|,0,,,,,,,,
65,Tall Trees!,Take a stroll into the woods amongst some of the tallest trees in the forest!,tall-trees,|176||71||164||166|,0,,,,,,,,
67,Pro Fans Radio,Pro Fans give you a break down of their favorite songs from the last 7 days and preview upcoming Bay Area shows that you just cannot miss!,professional-fans-radio,|171||176||165|,0,,,,,,,,
68,LOO$E CHANGE,Soundtrack for the young and broke.,loosechange,,0,,,,,,,,
69,Today's Active Lifestyles,"Indie rock and its discontents, past and present.",today-s-active-lifestyles,|166||57|,1,,,,,,,,
77,Open Time Slot,"Think you've got what it takes to become a BFF.fm DJ? Join us! Until then, RoboDJ is spinning the jams.",open,,0,,,,,,,,
88,Midnight Holiday,Peek through the keyhole.,midnight-holiday,|313|,0,,,,,,,,
89,Around the Way Girl Radio,Lotsa Hip Hop and R&B from 1980-2000.,around-the-way-girl-radio,,0,,,,,,,,
90,Deep Listening ,"60 minutes of the same artist, band, album, or theme",deep-listening,|171||179||176||174||166||161||57||177|,0,,,,,,,,
92,Flow Radio,In pursuit of perpetual flow.,flow-radio,|59||164|,1,,,,,,,,
96,TV on the Radio,"Talking about crap TV on the radio so you don't have to. Plus we secretly LOVE crap TV. (Also, we talk about a lot of really good shows you guys. No FAKE NEWS here at TVoTR)",tv-on-the-radio,|39|,0,http://bfftvontheradio.wordpress.com,BFFTVontheRadio,,,,,,
98,Ghost Hardware,Small Crimes with the electronic feels.,small-crimes,|59|,0,,,,,,,,
100,@indierockgirl radio,"Two hours of the best new indie rock, just as the name implies. ",indierockgirl-radio,|174||173|,0,,indierockgirl,,indierockgirl,theocmd,,,
109,Too Cold To Cry,Music from the coldest days of the Cold War (1977-1984). ,too-cold-to-cry,|167||166||165|,0,,,,,,,,
120,Digging in the Crates,Classic gems and the hip-hop songs they influenced. ,crate-digging,|164|,0,,,,,,,,
127,Overnight Delivery,"BFF.fm's rotation, brought to you by the robot that lives in our studio.",bffdotfm-overnight,,0,,,,,,,,
135,The Listening Party,Listen Up. Party on. ,listening-party,,0,,,,,,,,
139,For the Record,An in-depth discussion of one recently-released album. ,for-the-record,|166||57||39|,0,,,,,,,,
140,Melters Radio,Reality meltdown on the radio. ,melters-radio,,0,,,,,,,,
146,Falling Cinders,freshly-minted dreampop and old favorites,falling-cinders,,0,,,,,,,,
148,Luddite Radio,Pre-digital sounds on wax and shellac. Hit me up at thegeezer@dj.bff.fm,luddite-radio,|313|,0,,,,,,,,
152,Cult Hero,Jangly guitars. Beats. Electronics. Cool stuff. ,cult-hero,|59||164||166|,0,http://www.culthero.net,CultHeroSF,CultHeroSF,CultHeroSF,,,,
153,The Listening Party,,the-listening-party,,0,,,,,,,,
155,Thanksgiving with the Lorde,We're broadcasting LIVE from somewhere cool.,specialbroadcast,,0,,,,,,,,
157,Listen Local,"News and commentary from your favorite hyperlocal news site, Mission Local",listen-local,|39|,0,https://missionlocal.org,mlnow,missionlocalsf,missionlocal,,,,
159,The Hanging Garden Radio Show,"The Hanging Garden Radio Show featuring Owen and the people who make the music happen!  Each week, we bring you the best in classic & new goth, industrial, post-punk, synthpop, new wave, and interviews! ",the-hanging-garden-radio-show,|166|,0,,,Mr.O.OwingtonOwensford,,,,,
160,New Show Coming Soon!,"Until then, RoboDJ is spinning the jams.",coming-soon,,0,,,,,,,,
166,Culture Collide Creative Summit Live Stream,Bringing Culture Collide's Creative Summit to YOU!,ccsf,,0,,,,,,,,
171,WxA Emotional Shortie Radio,,wxa,,0,,,,,,,,
172,Genre!,"Celebrate, challenge, and redefine the concept of genre.",genre,|313|,0,,,,,,,,
173,Berlin Calling,"techno, house, and tech-house mostly out of the Berlin style but from artists around the world",berlin-calling,,0,,,,,,,,
174,Berlin Calling,"techno, house, and tech-house mostly out of the Berlin style but from artists around the world",berlin-calling,|59|,0,,,,,,,,
186,Lyrical Genius,obsessed with song lyrics,lyrical-genius,|313||166|,0,,,,,,,,
188,The Friends W/O Benefits Radio Hour,Shooting the shit and playing the hits.,friends-w-o-benefits,,0,,,,,,,,
189,The Feelies,"So many feelings, so many feels.  ",the-feelies,|164||166||165||57|,0,,,,,,,,
190,The Feelies (delete),"So many feelings, so many feels. ",the-feelies,,0,,,,,,,,
191,FKA Back Pocket,Lint and loose change.,back-pocket,,0,,,,,,,,
193,Fractal Chambers,Alternating friends droppin’ noisy tunes and chill cuts from everywhere.,fractal-chambers,|59||174|,0,,,,,,,,
198,Cock Rock BBQ,Bad vibes; aural negativity in all its forms and functions,cock-rock-bbq,,0,,,,,,,,
201,The Pass Go Playlist,"Spinning local tastes & flavors from the Bay Area's past, present & future.",the-pass-go-playlist,,0,,,,,,,,
204,The Beat / Art Beat / Beat the Game,"Three shows in one! Arts and pop culture, rock and roll, video games and more!",politics-beat-art-beat-the-beat-bpm,,0,,,,,,,,
205,Tender Knob Radio,Tender Knob Radio with Metro Matt looks ahead at Bay Area shows this week and an assortment of Sunday evening selections. ,tender-knob-radio,|59||164||173||165||57|,0,,Metro_Matt,,,,,,
210,At War With Radio,the fast // the slow // grindcore // punk // metal // doom // horror movies // indie // a little bit of everything with a focus on local acts.,deep-red-radio,,0,,,,,,,,
212,@Jon_Digital,Fresh sounds for curious ears,jon-digital,|59||166||165|,1,,jon_digital,,,,,,
213,San Francisco People,A podcast celebrating our City and the people that live here.,san-francisco-people,|87||64||70||63||39|,0,,,,,,,,
214,Music for the Masses,The darker side of the 70s/80s/90s,music-for-the-masses,|171||179||161||177|,1,,,,,,,,
215,B-Side Dreams,"Mood Pop, Lo-Fi, Post Punk. Diamonds in the Rough.",b-side-dreams,|313||174||166||57|,0,http://jaimeborschuk.photo,jaimeborschuk,,jaimeborschuk.photo,,jaimeborschuk,brightgreywing,
216,Mod Lang,Where melody is king and words mean something. ,mod-lang,|166|,0,,,,,,,,
217,Knokternal,"Knokternal is a Wednesday Night Future / New Music show, featuring the latest in underground electronic music.",knokternal,,1,,,,,,,,
218,Festival Talk,Insight into music festivals happening locally & around the world that week.,festival-talk,,1,,,,,,,,
219,HORIZONS,night time music for night time people at night...  songs for the lovers and songs for the lonelyhearts  and songs for those on the in-between,horizons,|312|,0,,HORIZONS_radio,horizonsontheradio,,,,,
220,Shrimp Boy Records,hot takes and hot slaps for people on the cusp of the weekend,shrimp-boy-records,,0,,,,,,,,
221,Warm Focus,Uninterrupted instrumentals designed to induce a state of Flow.,warm-focus,|168||176||167||164||181||78|,0,,,,,,,,
222,Music Ninja Radio,An eclectic mix of recently released music fused with tunes from the pioneers who inspired our contemporary favorites. ,the-music-ninja-s-dojo-by-the-bay,|59||167||164||166||173|,1,http://www.themusicninja.com,themusicninja,TheMusicNinjaFB,,themusicninja,,,
223,Partially Ripped,I came to shred but ripped instead,partially-ripped,|59||167||173||57|,0,,,,,,,,
224,The Hangover Cure,Chill tunes & phat beats to get you out of the Sunday morning haze.,the-hangover-cure,|59||165|,0,,dancarew,,,dancarew,,,
226,Under the Atlantic,The best independent music from both sides of the continent.,under-the-atlantic,|167||173|,0,,,,,,,,
227,Distant Stations,"New week, new city. New music. ",distant-stations,,0,,,,,,,,
228,I Luv Mondays,Playing the hits of the bay area.  ,i-luv-mondays,|311|,0,,iluvmondaysWill,,iluvmondaysbfffm,,,,
229,chips in bed,music to make you feel good (or sometimes more bad),chips-in-bed,|59||167||166||78||86|,0,,,,,,,,
230,Out of Rotation,One of our awesome Kickstarter backers spinning tunes for you.,out-of-rotation,,0,,,,,,,,
231,Te Aprecio Show,R&B BY REGION • Today & Throwbacks • con MellyG,te-aprecio,|164||165|,0,,,,,,,,
234,Slightly Sobbing,"Melancholy topics that make you slightly sob, co-hosted by local artists and DJ Sensitiveurbanfemaie. ",slightly-sobbing,|312||313||174||311||166||39|,1,,,SlightlySobbing,slightlysobbing,,,,
235,Slime Time Live,"post-rock, lo-fi, surf-rock, new wave, synth pop, garage, shoegaze & all that is holy ",slime-time-live,,0,,,,,,,,
236,Espresso Sesh,"Fresh, eclectic, global and with an accent. ",espresso-sesh,|313||311||39||314|,0,http://www.msk.fm,,mskfm,ninomsk,mskfm,mskfm,,
237,We Let The Hats Decide,Most DJs pick their own songs. We don't. We let the hats decide. ,we-let-the-hats-decide,|313|,1,,,,,,,,
238,Radio.wav,A realtime mix of the world’s radio.,radio-wav,|314|,1,,,,,,,,
239,Full Moon Radio Hour,.,full-moon-radio-hour,,1,,,,,,,,
240,Last Nite,2000's Indie Dance Party.  2nd Fridays at the Make-Out Room.,last-nite-2000-s-indie-radio-show,,0,,,,,,,,
241,Shrimp Shack Sunday,with DJ Suga Baby,shrimp-shack-sunday,|313|,0,,,,,,,,
242,A Man of Few Words,Future beats for present day headphones.,a-man-of-few-words,|59|,0,,,,,,,,
243,Notes From The Underground,"Punk, garage, punk, soul, punk, electronica, punk.",notes-from-the-underground,|59||174||161||159|,0,,,,,,,,
244,Movin' & Groovin',Guaranteed to blow your mind so high you won't come down. ,movin-groovin,|165|,0,,,,,,,,
246,Musick LA,Interesting sounds & dope beats from Los Angeles & beyond! ,musick-la,|171||59||167||164||87||78|,1,,,,,,,,
247,postcards from the edge,"dark electronic Brooklyn weirdness, occult rituals, vegan recipes",postcards-from-the-edge,|168||75||179||176||59||181||61|,1,,,,,,,,
248,Warm Liquid Goo Phase,chill electronica,warm-liquid-goo-phase,|59|,0,,,,,,,,
250,Conference Call with Chrity,"sex and relationship talkshow set to soul, rnb, dancehall",conference-call-with-chrity,|164||87||86||39||74|,1,,,,,,,,
251,Fools of Love,Local musicians & artists share monumental love & cry-worthy heartache songs,fools-of-love,,0,,,,,,,,
252,Ocho and Nosotros,"the best of independent music locally, nationally and internationally",ocho-and-nosotros,|171||59||164||166||57||159|,0,,,,,,,,
253,Megan's Miscellaneous Hour,"local artists, artists playing locally, and all around great music. ",mmmhour,|311|,1,,,,,,,,
254,Downtime with Jack G. ,Ease your mid-week state of mind.,downtime,|167|,0,,,,,,,,
255,Pattern Recognition,"Synths, surf rock, garage, punk, noise, psych, hip-hop, a little bit of soul, trip-hop and music from other decades.",pattern-recognition,|59||313||174||164||173||165||57|,1,,djwikiben,djwikiben,djwikiben,,,,
256,The Demo Show,,test-show-2,,0,,,,,,,,
257,I'm Sorry,"From Madchester to Mingus, join us for two hours of the FEELING.",i-m-sorry,|171||176||163||162||78||172||178||159|,1,,,,,,,,
258,Spin The Night ,Showcasing the local heroes keeping the music alive and well in the Bay area.,spin-the-night,|59||311||166||57|,0,,,,,,,,
259,ALTERED IMAGES,Analog 80s with no checkerboard vans in sight.,altered-images,|166||165||57|,0,,,,,,,,
261,The Galactic Good Feel Show ,Here to make you feel gooood. ,the-galactic-good-feel-show,,0,,,,,,,,
262,The Monday Lineup,"Making Mondays better, one song at a time.",the-monday-lineup,|59||164||166||165||57|,0,http://themondaylineup.com,poseids,,,themondaylineup,,eseids,
263,Sub Dwellers,"A journey through the intergalactic world of Sun Ra, his Arkestra and admirers.",sub-dwellers,|167|,0,,,,,,,,
264,Abuela's Pantry,Music as sweet as candy your favorite grandparent always carried with them,abuela-s-pantry,|311||166|,0,https://www.abue1a.com/,abue1a,abuelaspantrysf,abue1a,,,,
265,Creep Magnet ,Hidden gems from various women-led movements in music. ,creep-magnet,|174||311||57|,1,,,,,,,,
266,BIG NOTHING,"songs and words celebrating music, art, community, and friendship.",big-nothing,|312||311||57|,0,,,,,,,,
267,1.21 gigawatts,The musical time travel hour,1-21-gigawatts,|166||57|,1,,bff121gigawatts,,,,,,
270,Wake The F Up!,Rock Music and Revolution to wake up to.,wake-the-f-up,|57|,1,,stevefoxxradio,foxxthatrocksyourbox,stevefoxxradio,,,,
271,My Sick & Twisted Reality,"Jams for the unwashed masses. Sometimes local, always politically and sonically radical.",my-sick-twisted-reality,|312||59||167||164||311||57||314|,0,,,,,,,,
272,The Queen is Dead Radio Show,Brit-Pop/Post-Punk/Indie/Garage/Rock and Psych    ,the-queen-is-dead,|174||166||57|,1,,,,,,,,
273,Big Sigh,Songs that sigh.,big-sigh,|313|,1,,,,,,,,
274,The Ladies Room,tribute to fierce femmes in music everywhere,the-ladies-room,|166||165|,0,,,,,,,,
275,Dreamtime Themetime,"ambient, noise, drone, classical, avant-whatever, and other weirdness",dreamtime-themetime,|59||173|,1,,,,,,,,
277,How'd You Get Into That?,A show about people in the arts who get paid to do art.,howd-you-get-into-that,|39|,1,,,,,,,,
278,Brown Recluse Variety Show,"In order to shine, one must emerge from the shadows. ",brown-recluse-variety-show,|313|,0,,bdayshirt,,,,,,
279,Open Buffet ,hot licks and dank riffs from yesterday and today,open-buffet,|80||174||57||159|,0,,,,,,,,
280,The Freaky Hour,"Stories, music, and ramblings at an ambling shuffle. ",the-freaky-hour,|311||57||39|,0,,,,,,,,
281,Overnight Delivery,Brought to you by the robot that lives in our studio.,overnight-delivery,,0,,,,,,,,
284,Hearts in the Basement,"lots of grooving, a good amount of jangling, some jingling, and a splash of rocking",hearts-in-the-basement,|57|,0,,,,,,,,
285,Fried Chicken,A delicious blend of SF Bay Area music served with all the fixing's ,fried-chicken,|311||57|,1,,,,,,,,
286,Bird Flu Kitchen,local music plus emerging bands from around the country  Requests send to birdflukitchenrecords@gmail.com,bird-flu-kitchen-radio,|311||57|,1,http://alvieandthebreakfastpigs.com,,thebreakfastpigs,alvieandthebreakfastpigs,,,,
287,Transfiguration ,"Playing lost and found rare gems, collections from the past, and boogie jams from the present. Those things include: electronic, jazz, art rock, soul, mix noise, hip hop, indie, ambient and boogie. ",transfiguration,|59||167||164||173||165||314|,1,,,,transfiguration_bffdotfm,,,,
288,The Businesswoman Special,"Local-ish music, interviews, general bizness (boys allowed).",the-businesswoman-special,|164||166||57|,0,,,,,,,,
289,A Thick Mist,An eclectic vinyl experiment.,a-thick-mist,|59||167||57||314|,0,,,,,,,,
290,sadderday.,"@wringblue of @sadderdaysf makes a weekly mixtape and discusses emo and post hardcore of yesterday, today and tomorrow!",sadderday,|57|,0,,sadderdaysf,sadderdaysf,sadderdaysf,wringblue,,sadderdaysf,wringblue
292,Press Play. Music Comes Out.,"oddities and obscur-ish musics from around the world, and across time.",press-play-music-comes-out,|59||167||313||164||314|,1,,,,,,,,
294,Singles Night,My favorite singles on 45s. My friend's faves too. ,singles-night,|313|,0,,,,,,,,
295,Private Session ,"Give me a person, a situation, a thing, and I'll match the music. ",private-session,,1,,,,,,,,
296,Radio School of Life,"Get schooled in EDM, trap, old school hip hop & overall good vibes",radio-school-of-life,|59||164|,0,,,,,,,,
297,wontons for breakfast,just tryna chill. easy monday morning listening to keep ya vibe locked.,wontons-for-breakfast,|312||59||164||165|,0,,,,,,,,
298,Radical Advice,"Radical Advice is a weekly advice show mixed in with socio-political commentary, education about the human psyche, smashing the patriarchy, and lots of resistance (but not the kind therapists complain about).  ",radical-advice,|39|,0,radicaladviceshow.com,radical_advice,radicaladvice,,,,,
299,Subject to Change,highlighting classic artists and the newcomers they've influenced,subject-to-change,|312||165|,0,,,,,,,,
300,Last Call,Keep the weekend buzz going at Last Call. ,last-call,|59||167||164||166||173|,1,,,,,,,,
302,The Long Lunch Break,Magical pairings of songs with San Francisco spots/feels.,the-long-lunch-break,|166||165||57|,0,,LongLunchBreak,,,,,,
303,Heat Retreat,"From everywhere; Uptown, Downtown, Switzerland.",heat-retreat,,0,,,,,,,,
305,No Tomorrow,A mesmerizing dip into the minimal and strange. ,no-tomorrow,|59||167|,0,,,,,,,,
306,Boy with Girl's Name Morning Mixtape,It's got a good beat and you can really wake up to it.,boy-with-girl-s-name-morning-mix-tape,|313|,0,,boywgirlsname,,,,,,
307,Chalice to Chalice,Raise a glass and bounce back with dub tracks toasted to golden perfection!,chalice-to-chalice,,0,,,,,,,,
308,In Your Glass,,in-your-glass,,0,,,,,,,,
309,No Magic,“This isn't about looking good. This isn't about making people like you. Remember why we're here: No magic. Just music.”,nomagic,|59||57|,1,https://nomagic.show,nomagicradio,nomagicradio,nomagicradio,,,97yt7iirujszxe3pl159558qw,nomagicradio
310,Sábado Ecléctico,Fresh and eclectic music straight from Latin America.,sabado-eclectico,|59||174||166||57||314|,0,,,,,,,,
311,Making Space,"House, techno, and disco, mixed with exotic sounds from way out.",making-space,|59||165||314|,0,,,,,,,,
315,The Life & Times of the Bourgeoisie,Interviews & news from the best local Bay Area musicians.,the-life-times-of-the-bourgeoisie,|311||166||57|,0,,,,,,,,
316,Wednesday Morning Mass in the House of the Lorde,Raising the holy ghost of the San Francisco sound and delivering it from the heavens where it lives with the Lorde.  ,peter-lorde,,0,,,,,,,,
317,Lunch Box Time Machine,Pop rocks and soda pop. Dum dums and bubblegum. ,lunch-box-time-machine,|174||166||173||57|,1,,,,,,,,
318,POBOY EXPRESS,a potpourri of artists & genres to keep those music taste buds tinglin'! ,poboy-express,|311||173||165||57||314|,0,,,,poboyusa,,,funkygroovy6969,
319,Rude Awakening,A music and DIY culture show committed to reminding everyone of their awkward ska phase,rude-awakening,|57|,0,,,,,,,,
320,Casually Crying,"sweet n’ dreamy jams that make you feel your feelings, with a focus on #bayarea musicians. brought to you every friday morning by sweet t. :')",casually-crying,|313||174||311||166||57||39|,0,http://casuallycrying.com,casually_crying,casuallycrying,casually_crying,,,,
321,Van Jams,This is a love letter to the road trip. ,van-jams,|59||174||173||57|,1,,,,,,,,
323,Virgo Rising,fun tunes sweet jams good morning,virgo-rising,|311||166|,0,,,,,,,,
324,Label It!,A show exploring the sonic worlds that record labels curate.,label-it,|59||167||57|,0,,,,,,,,
325,Before They Were Famous,"Early and lesser known jams from your favorite musicians, followed by their most recent releases.",before-they-were-famous,|59||164||57|,0,,,,,,,,
326,Sunny and Skeptical Air Show,"Smorgasbord of sub-genres in Rock, Indie/Alternative, Psychedelic, Hip Hop, Folk, R&B, Soul, Blues, Jazz... ",sunny-and-skeptical-air-show,|59||167||164||166||173||165||57|,0,,allreddarcy,,girlsjustwannahavepun1,,,allreddarcy,
329,Night Light Radio,"an eclectic new theme weekly w. Mz Prizm and special guests b/c music is a sound rainbow, and you are a prism! 🌈",night-light,,1,,prizmeyez,prizmeyez,prizm_eyez,prizmeyez,,carolynnickell,
330,World of Echo,"Folk, drone, experimental, psych, etc. ",world-of-echo,|167|,0,,,,,,,,
331,Cheap Beer,"Bops, romps, and bangers",cheap-beer,|59||313||174||311||57|,1,,,,,,,,
333,Space Crush Radio,60's up to early 00's Japanese Music across the genres!,space-crush-radio,|59||167||166||173||57||314|,0,,,,,,,,
334,Times May Vary,"From Detroit Techno to UK Grime, from IDM to Drum & Bass, Acid House to 2-Step Garage.",times-may-vary,,0,,,,,,,,
335,The 1982 Show,An exploration of the variety of early 80's music with lively commentary.,the-1982-show,|59||167||174||164||311||166||165||57||314|,1,,,,,,,,
336,Diamond Shoals,"Luau bangers, tiki torch-lighters, champagne lounge wishes, sandbar dreams.",diamond-shoals,|312||167||314|,0,,,,,,,,
337,Oops! All Slappers!,"We got dems fresh raps, the wettest RnB , and the darkest waves!",oops-all-slappers,|164||165|,0,,,,,,,,
339,chemical X ,the internet radio show of Ur dreams ,chemical-x,|313||166||57|,0,,,,cyberinsecurity,,,,
340,Opal Heights,Denley and K'in Sventa showcase "indie" Electronic and Hip-Hop with an emphasis on the Bay Area.,opal-heights,|59||164|,1,,,,,,,,
343,yalda.,"chill, surf, punk, deep house, & local tunez to get you through the longest nights (or earliest mornings)",yalda,|312||59||174||311||314|,0,,,,,user-82899739,,,
344,Hot Mess,"a show featuring women and queer artists in rock, hip-hop, and electronic music.",hot-mess,|59||167||164||57|,1,,,,,,,,
345,C00L WORLD ,"more than a loud + soft music show ☆ ft. interviews and mixes with local artists, sexual health advocates, and friends",c00l-world,|174||39||219||340|,1,,,,,,,,
346,Low Profile,"Experimental electronic and electroacoustic soundscapes, from ambient to avant-pop.",low-profile,|59||167|,0,,,,,,,,
347,Moonlight Mile,New and used songs based around a weekly theme,moonlight-mile,,1,,MoonlightMileSF,,robbd7,,,,
348,PYRE,"A celebration of the life and death of each human emotion, fueling the fire with the music that sustains it.",pyre,,0,,,,,,,PYRE,
349,Impossible Objects,An exploration of the rap scene as it evolves.  ,impossible-objects,,0,,timesmayvary,,,,,,
350,Jam Gemz,Underground jamz and hidden gemz that DJ Meesh has dug up for your listening pleasure!,jam-gemz,|59||167||174||311||173||165||314|,0,https://www.jamgemz.com/,,,,,,,
352,House of Love,Think of the ultimate mix tape that you have some where buried deep in your basement or attic! ,house-of-love,,0,,,TonyBugess,Ebonyjustice2020,,,,
353,Tea Time with vverevvolf,"Bay Area artists get together to share their musical influences and spill the tea on the most (un)glamorous parts of the music-making world. Pull up a chair, hunnies!",tea-time,|166|,1,,vverevvolfmusic,vverevvolfmusic,vverevvolfmusic,vverevvolfmusic,,vverevvolf,
354,The UK Show,The sickest and sexiest jams made and played in the UK. All delivered by Miles Otway aka The Real House Husband of San Francisco!,the-uk-show,,1,,,,,,,,
355,new vision,Music for self-care bc caring! is! cool!,new-vision,,0,,,,,,,,
356,The Swap Meet,"Sounds culled from swap meets, thrift stores, and other off the beaten track spots.  ",the-swap-meet,|313||164||165||57||314|,0,,pinchednerve,,pinchednerve,pinchednerve,pinchednerve,,
357,sh(a)iny saturdays,"sweet sporadic sounds, poetry readings, & local happenings",shainy-saturdays,|313||164||173||165||39||314|,0,https://shainysaturdays.com,shainysaturdays,shainysaturdays,shainysaturdays,shaina-prasad,shainysaturdays,127004270,shainaprasad
359,Nocean Beach,Local music and wavy vibes.,nocean-beach,|311||166||57|,1,https://www.youtube.com/channel/UCvWlMFBHK_cX0wJK-8hIMlA,noceanbeach,noceanbeach,noceanbeach,the-y-axes,,alexibelchere,sodacracker
360,The Friday Night Get Right ,An hour of female soul and R&B to get your mind right. ,the-friday-night-get-right,|164||165|,0,,,,,,,,
361,Best Frequencies Forever Top 30,A countdown of jams from this week's Top 30 charts.,top30,|312||59||167||313||174||164||311||166||173||165||57||314|,0,,bffdotfm,,,,,bffdotfm,
362,ALLSORTS,Because it take allsorts (of sounds). ,allsorts,|312||59||167||313||174||311||173||165||314|,0,,michelektel,,,,,,
363,Sleeves On Hearts,"Connecting the dots on the musical map through decades, continents, and genres. ",sleeves-on-hearts,,0,,,,sleeesonhearts,,,,
364,Thanksgiving with the Lorde,Peter Lorde is cooking up some great tunes to help you in the kitchen.,thanksgiving,|313|,0,,,,,,,,
365,"Past, Present, Future","A weekly mix featuring music from the past, present, and future.",past-present-future,|167||313|,0,,,,,,,,
366,Them(e) Changes,Take a dive into a block of sound that spans the limits of genre and is held together by a central weekly theme. ,theme-changes,|59||174||164||311||173||165||57|,0,,,,,,sean-porter3,,
367,The Chaki Horror Radio Show,Funky freeform! Stupid segments! Weirdo guests! ,the-chaki-horror-show,|167||313||39|,1,,askchaki,,chakifunkwizard,,,,
368,Queer Ear,"brought to you by the queers, the queens, and everything in between",queer-ear,,0,,queereartunes,,queereartunes,,,1218626488,
369,Louise,Good Morning This is Louise    ,louise,|167||313||164|,1,http://www.touchtouchpublishing.com/,,,https://www.instagram.com/small_ernst/,touchtouchpublishing,,,
370,Good Company Soul ,an early morning mix of old school rare grooves,good-company-soul,|165|,0,,,,,,,,
371,Monday Maintenance,"While our station engineer fiddles with the 1s and 0s, our robot DJ spins fresh, new jams.",monday-maintenance,|313|,0,,,,,,,,
372,Bitch Talk,Booze and interviews straight from the heart of San Francisco. ,bitch-talk,|39|,0,https://www.bitchtalkpodcast.com/,bitchtalkpod,btpod,bitchtalkpodcast,,,,
373,The Lost Tribe Serenade,A show that invites you to swim in warm sonic waters. ,the-lost-tribe-serenade,,0,,,,,,,,
374,What's the Soup?,anything and everything related to the electronic music scene,whats-the-soup,,0,,,,,,,,
375,Astral Transmissions,Velaluna presents a variety of electronic tunes being transmitted from the astral realm,astral-transmissions,|59||167|,0,https://velaluna.bandcamp.com/,moonlightbend,TheRealVelaluna,therealvelaluna,velaluna,ana-corella,analikebananas,
376,Vix Vapor Rub Radio,"Yeah Get into the rub. Vix serves up a fresh mix of tracks for your ears, sinuses, and soul.  ",vix-vapor-rub-radio,|312||59||174||173||314|,0,,,,,v-i_cky,,,
377,Throwin' Bo's Radio Hour,"Hosted by that guy behind live music series Throwin' Bo's, Throwin' Bo's Radio Hour gives you an eclectic mix of genres from local, national, and global artists. Plus updates on live shows!",throwin-bos-radio,,0,,,throwinbos,throwinbossf,,,anayalater69,
378,Pennies Radio,"groovy music playlists and local artist interviews, we do it for fun.",pennies-radio,|164||311||166||57|,1,,boogied0wn,,boogie.dwn,,,,
382,Gumbo Grooves,"deep roots, culturally connected sounds, an exploration of rhythms: Gumbo Grooves is one nourishing stew that fills you up, til the next time..",gumbo-grooves,|59||167||166||314|,0,,,,,,,,
384,Alley Cat Radio,"A blend of indie, alternative, and bedroom pop tunes!",alley-cat-radio,|312||174||311||166||173|,0,https://www.youtube.com/channel/UCQPj_rZBpu1Cr76VLolcEvA/videos?view_as=subscriber,DJCatsaNova,DJCatsaNova,DJCatsaNova,,DJCatsaNova,DJCatsaNova,